{
  "$schema": "https://schema.management.azure.com/schemas/2015-01-01/deploymentTemplate.json#",
  "contentVersion": "1.0.0.0",
  "parameters": {
    "zone": {
      "type": "string",
      "defaultValue": "mm",
      "allowedValues": [ "af", "ab", "db", "mm" ],
      "maxLength": 2,
      "minLength": 1,
      "metadata": {
        "description": "The name of the environment within DTAP "
      }
    },
    "app": {
      "type": "string",
      "defaultValue": "app",
      "maxLength": 3,
      "metadata": {
        "description": "The abbrevation of the application name first 3 characters"
      }
    },
    "DName": {
      "type": "string",
      "defaultValue": "t",
      "allowedValues": [ "p", "a", "t", "d", "sb", "ss" ],
      "maxLength": 2,
      "minLength": 1,
      "metadata": {
        "description": "The name of the environment within DTAP."
      }
    },
    "storageAccountType": {
      "type": "string",
      "allowedValues": [
        "Standard_LRS",
        "Standard_GRS",
        "Standard_ZRS",
        "Premium_LRS",
        "Standard_RAGRS"
      ],
      "metadata": {
        "description": "Storage Account type"
      }
    },
    "Environment": {
      "type": "string",
      "metadata": {
        "description": "The Environment"
      }
    },
    "AppName": {
      "type": "string",
      "metadata": {
        "description": "The AppName"
      }
    },
    "Kind": {
      "type": "string",
      "metadata": {
        "description": "Required. Indicates the type of storage account. - Storage, StorageV2, BlobStorage, FileStorage, BlockBlobStorage"
      }
    },
    "FinancialOwner": {
      "type": "string",
      "metadata": {
        "description": "The financial owner"
      }
    },
    "Owner": {
      "type": "string",
      "metadata": {
        "description": "The owner"
      }
    },
    "StorageProperties" :{
      "type": "object"
    }
  },
  "variables": {
    "storageAccountName": "[concat('storage',parameters('zone'),parameters('app'),parameters('Dname'))]"
  },
  "resources": [
    {
      "type": "Microsoft.Storage/storageAccounts",
      "name": "[variables('storageAccountName')]",
      "apiVersion": "2018-07-01",
      "location": "[resourceGroup().location]",
      "tags": {
        "Environment": "[parameters('Environment')]",
        "AppName": "[parameters('AppName')]",
        "FinancialOwner": "[parameters('FinancialOwner')]",
        "OpsOwner": "[parameters('Owner')]"
      },
      "sku": {
        "name": "[parameters('storageAccountType')]"
      },
      "kind": "[parameters('Kind')]",
      "properties": "[parameters('StorageProperties')]"
    }
  ]
}