{
  "$schema": "https://schema.management.azure.com/schemas/2015-01-01/deploymentParameters.json#",
  "contentVersion": "1.0.0.0",
  "parameters": {
    "FinancialOwner": {
      "value": "Unassigned"
    },
    "Environment": {
      "value": "Sandbox"
    },
    "Owner": {
      "value": "devops1@eneco.com"
    },
    "DName": {
      "value": "sb"
    },
    "AppName": {
      "value": "app6"
    },
    "zone": {
      "value": "mm"
    },
    "app": {
      "value": "app"
    },
    "storageAccountType": {
      "value": "Standard_LRS"
    },
    "Kind": {
      "value": "Storage"
    },
    "StorageProperties": {
      "value": {
        "supportsHttpsTrafficOnly": true
        }
       }
      }
     }