{
  "$schema": "https://schema.management.azure.com/schemas/2015-01-01/deploymentParameters.json#",
  "contentVersion": "1.0.0.0",
  "parameters": {
    "FinancialOwner": {
      "value": "EnecoGroup"
    },
    "Environment": {
      "value": "Production"
    },
    "Owner": {
      "value": "sogetieneco.in@capgemini.com"
    },
    "DName": {
      "value": "p"
    },
    "AppName": {
      "value": "OutsystemsArchive"
    },
    "zone": {
      "value": "mm"
    },
    "app": {
      "value": "osa"
    },
    "storageAccountType": {
      "value": "Standard_RAGRS"
    },
    "Kind": {
      "value": "BlobStorage"
    },
    "StorageProperties": {
      "value": {
          "networkAcls": {
            "bypass": "AzureServices",
            "virtualNetworkRules": [
              {
                "id": "/subscriptions/323c3ace-1913-42da-a831-3a9f5e3cd2ac/resourceGroups/rg-vnet-platform-p-002/providers/Microsoft.Network/virtualNetworks/vnet-p-002/subnets/subnet-osarchive-p",
                "action": "Allow",
                "state": "Succeeded"
              }
            ],
            "ipRules": [
              {
                "value": "62.145.50.0/29",
                "action": "Allow"
              },
              {
                "value": "10.128.64.11/32",
                "action": "Allow"
              }
            ],
            "defaultAction": "Deny"
          },
          "accessTier": "Cool",
          "supportsHttpsTrafficOnly": true
        }
        }
       }
      }
     