﻿{
  "$schema": "https://schema.management.azure.com/schemas/2015-01-01/deploymentTemplate.json#",
  "contentVersion": "1.0.0.0",
  "parameters": {
    "configurationParameters": {
      "type": "object"
    }
  },
  "variables": {
    "apimInstanceName": "[concat(parameters('configurationParameters').apiManagementServiceName, parameters('configurationParameters').environment)]"
  },
  "resources": [
    {
      "type": "Microsoft.ApiManagement/service/apis/schemas",
      "apiVersion": "2018-01-01",
      "name": "[concat(variables('apimInstanceName'), '/umaxsepapi/umaxsepapischema')]",
      "properties": {
        "contentType": "application/vnd.ms-azure-apim.swagger.definitions+json",
        "document": {
          "definitions": {
            "Object": {
              "type": "object",
              "properties": {}
            },
            "CreateCaseRequest": {
              "required": [
                "CaseCategoryId"
              ],
              "type": "object",
              "properties": {
                "CaseCategoryId": {
                  "type": "string"
                },
                "OwnerWorkerId": {
                  "format": "int64",
                  "type": "integer"
                },
                "DepartmentId": {
                  "format": "int64",
                  "type": "integer"
                },
                "Description": {
                  "type": "string"
                },
                "Memo": {
                  "type": "string"
                },
                "Associations": {
                  "type": "array",
                  "items": {
                    "$ref": "#/definitions/CreateCaseRequestAssociation"
                  }
                }
              }
            },
            "CreateCaseRequestAssociation": {
              "required": [
                "EntityType",
                "EntityId"
              ],
              "type": "object",
              "properties": {
                "EntityType": {
                  "enum": [
                    "None",
                    "Lead",
                    "Opportunity",
                    "Customer",
                    "Vendor",
                    "BusinessRelation",
                    "Project",
                    "SalesTable",
                    "PurchTable",
                    "Employee",
                    "ServiceOrder",
                    "Item",
                    "CustTrans",
                    "TrvExpTrans",
                    "TrvExpTable",
                    "VendorInvoice",
                    "VendorInvoiceline",
                    "PurchLine",
                    "ReturnOrder",
                    "Case",
                    "Product",
                    "BOM",
                    "Route",
                    "IUS_PRJ_ProjectInvoice",
                    "IUS_MPO_MeteringPoint",
                    "IUS_AST_AssetObject",
                    "IUS_AGR_Agreement",
                    "IUS_INV_FreeTextInvoice",
                    "ICM_FIL_File",
                    "IUS_AST_VacancyFile",
                    "IUS_CRM_CampaignTable",
                    "IUS_SCM_Scenario",
                    "IUS_SCM_Message",
                    "ITP_EventInbox",
                    "IUS_MRD_ReadingDataSet",
                    "IUS_AGR_QuotaionProposal",
                    "IUS_SVM_ServiceObject",
                    "IUS_CAS_CaseID",
                    "IUS_AST_InvolvedParty",
                    "IUS_AGR_Move"
                  ],
                  "type": "string"
                },
                "EntityId": {
                  "type": "string"
                }
              }
            },
            "MeterRequestSubmission": {
              "required": [
                "EanCode",
                "DeliveryType",
                "RequestedDateTime",
                "MeterReadingLines"
              ],
              "type": "object",
              "properties": {
                "Request": {
                  "$ref": "#/definitions/MeterRequestParameters"
                },
                "EanCode": {
                  "type": "string"
                },
                "DeliveryType": {
                  "type": "string"
                },
                "RequestedDateTime": {
                  "format": "date-time",
                  "type": "string"
                },
                "MeterReadingLines": {
                  "type": "array",
                  "items": {
                    "$ref": "#/definitions/MeterReadingLine"
                  }
                }
              }
            },
            "MeterRequestParameters": {
              "required": [
                "ReasonId",
                "RequestId"
              ],
              "type": "object",
              "properties": {
                "ReasonId": {
                  "type": "string"
                },
                "RequestId": {
                  "type": "string"
                }
              }
            },
            "MeterReadingLine": {
              "required": [
                "ReadingIndex",
                "MeterTimeFrame"
              ],
              "type": "object",
              "properties": {
                "Register": {
                  "type": "string"
                },
                "MeterUnitNumber": {
                  "type": "string"
                },
                "ReadingIndex": {
                  "format": "double",
                  "type": "number"
                },
                "MeterTimeFrame": {
                  "type": "string"
                }
              }
            }
          }
        }
      }
    }
  ],
  "outputs": {
  }
}
