﻿{
  "$schema": "https://schema.management.azure.com/schemas/2015-01-01/deploymentTemplate.json#",
  "contentVersion": "1.0.0.0",
  "parameters": {
    "_artifactsLocation": {
      "type": "string"
    },
    "_artifactsLocationSasToken": {
      "type": "securestring"
    },
    "configurationParameters": {
      "type": "object"
    }
  },
  "variables": {
    "apimInstanceName": "[concat(parameters('configurationParameters').apiManagementServiceName, parameters('configurationParameters').environment)]"
  },
  "resources": [
    {
      "type": "Microsoft.ApiManagement/service/apis/operations",
      "apiVersion": "2018-01-01",
      "name": "[concat(variables('apimInstanceName'), '/umaxsepapi/GetUmaxDataAsJson')]",
      "properties": {
        "displayName": "GetUmaxDataAsJson",
        "method": "GET",
        "urlTemplate": "Generic?requestType={requestType}",
        "templateParameters": [
          {
            "name": "requestType",
            "type": "string",
            "required": true,
            "values": []
          }
        ],
        "request": {
          "queryParameters": [
            {
              "name": "naturalId",
              "type": "string",
              "values": []
            },
            {
              "name": "recId",
              "type": "string",
              "values": []
            }
          ],
          "headers": [],
          "representations": []
        },
        "responses": [
          {
            "statusCode": 200,
            "description": "OK",
            "representations": [
              {
                "contentType": "application/json"
              },
              {
                "contentType": "text/json"
              },
              {
                "contentType": "application/xml"
              },
              {
                "contentType": "text/xml"
              }
            ],
            "headers": []
          },
          {
            "statusCode": 400,
            "description": "BadRequest",
            "representations": [
              {
                "contentType": "application/json"
              },
              {
                "contentType": "text/json"
              },
              {
                "contentType": "application/xml"
              },
              {
                "contentType": "text/xml"
              }
            ],
            "headers": []
          },
          {
            "statusCode": 404,
            "description": "NotFound",
            "representations": [
              {
                "contentType": "application/json"
              },
              {
                "contentType": "text/json"
              },
              {
                "contentType": "application/xml"
              },
              {
                "contentType": "text/xml"
              }
            ],
            "headers": []
          },
          {
            "statusCode": 408,
            "description": "RequestTimeout",
            "representations": [
              {
                "contentType": "application/json"
              },
              {
                "contentType": "text/json"
              },
              {
                "contentType": "application/xml"
              },
              {
                "contentType": "text/xml"
              }
            ],
            "headers": []
          },
          {
            "statusCode": 500,
            "description": "InternalServerError",
            "representations": [
              {
                "contentType": "application/json"
              },
              {
                "contentType": "text/json"
              },
              {
                "contentType": "application/xml"
              },
              {
                "contentType": "text/xml"
              }
            ],
            "headers": []
          },
          {
            "statusCode": 503,
            "description": "ServiceUnavailable",
            "representations": [
              {
                "contentType": "application/json"
              },
              {
                "contentType": "text/json"
              },
              {
                "contentType": "application/xml"
              },
              {
                "contentType": "text/xml"
              }
            ],
            "headers": []
          }
        ]
      }
    }
  ],
  "outputs": {
  }
}