﻿{
  "$schema": "https://schema.management.azure.com/schemas/2015-01-01/deploymentParameters.json#",
  "contentVersion": "1.0.0.0",
  "parameters": {
    "_artifactsLocation": {
      "value": null
    },
    "_artifactsLocationSasToken": {
      "value": null
    },
    "FinancialOwner": {
      "value": "CCO365"
    },
    "Environment": {
      "value": "Production"
    },
    "OpsOwner": {
      "value": "sogetieneco.in@capgemini.com"
    },
    "Purpose": {
      "value": "app"
    },
    "DName": {
      "value": "p"
    },
    "DNo": {
      "value": "001"
    },
    "Zone": {
      "value": "af"
    },
    "AppName": {
      "value": "sgate"
    },
    "ExistingVirtualNetworkName": {
      "value": "vnet-p-002"
    },
    "ExistingVirtualNetworkRGName": {
      "value": "rg-vnet-platform-p-002"
    },
    "ExistingSubnetName": {
      "value": "subnet-afsgate-p"
    },
    "ExistingKeyvaultName": {
      "value": "keyvault-sgate-p-001"
    },
    "ExistingKeyvaultRGName": {
      "value": "rg-sgate-app-p-001"
    },
    "ExistingStorageAccountName": {
      "value": "storagediagp"
    },
    "AdminUsername": {
      "value": "enecoadmin"
    },
    "AvailabilitySet": {
      "value": "No"
    },
    "OSType": {
      "value": "MicrosoftWindowsServer"
    },
    "OSVersion": {
      "value": "2016-Datacenter"
    },
    "offer": {
      "value": "WindowsServer"
    },
    "VMSize": {
      "value": "Standard_D2s_v3"
    },
    "DataDiskSize": {
      "value": 100
    },
    "PublicIPAddress": {
      "value": "None"
    },
    "WorkspaceRG": {
      "value": "rg-oms-platform-p-001"
    },
    "WorkspaceName": {
      "value": "oms-servicenow-p-001"
    },
    "BackupEnable": {
      "value": "No"
    },
    "BackupVaultRGName": {
      "value": "rg-backup-platform-p-001"
    },
    "BackupVaultName": {
      "value": "vault-p"
    },
    "BackupFabricName": {
      "value": "Azure"
    },
    "BackupPolicyName": {
      "value": "Daily-full-backup-with-7days-retention"
    },
    "Daily Power On/Off Schedule": {
      "value": "No"
    },
    "PowerOnSchedule": {
      "value": 6
    },
    "PowerOffSchedule": {
      "value": 19
    },
    "typeHandlerVersion": {
      "value": "1.0"
    },
    "OMS": {
      "value": "MicrosoftMonitoringAgent"
    }
  }
}