﻿{
  "$schema": "https://schema.management.azure.com/schemas/2015-01-01/deploymentTemplate.json#",
  "contentVersion": "1.0.0.0",
  "parameters": {
    "_artifactsLocation": {
      "type": "string"
    },
    "_artifactsLocationSasToken": {
      "type": "securestring"
    },
    "configurationParameters": {
      "type": "object"
    },
    "keyVaultName": {
      "type": "string"
    }
  },
  "resources": [
    {
      "comments": "APIM Service Instance",
      "apiVersion": "2017-05-10",
      "name": "APIMServiceInstance",
      "type": "Microsoft.Resources/deployments",
      "properties": {
        "mode": "Incremental",
        "templateLink": {
          "uri": "[concat(parameters('_artifactsLocation'),'/Microsoft.ApiManagement/Templates/APIMService.json', parameters('_artifactsLocationSasToken'))]",
          "contentVersion": "1.0.0.0"
        },
        "parameters": {
          "configurationParameters": {
            "value": "[parameters('configurationParameters')]"
          }
        }
      }
    },

    {
      "comments": "APIM Users",
      "apiVersion": "2017-05-10",
      "name": "APIMUsers",
      "type": "Microsoft.Resources/deployments",
      "properties": {
        "mode": "Incremental",
        "templateLink": {
          "uri": "[concat(parameters('_artifactsLocation'),'/Microsoft.ApiManagement/Templates/APIMUsers.json', parameters('_artifactsLocationSasToken'))]",
          "contentVersion": "1.0.0.0"
        },
        "parameters": {
          "configurationParameters": {
            "value": "[parameters('configurationParameters')]"
          }
        }
      },
      "dependsOn": [
        "[resourceId('Microsoft.Resources/deployments', 'APIMServiceInstance')]"
      ]
    },

    {
      "comments": "APIM Groups",
      "apiVersion": "2017-05-10",
      "name": "APIMGroups",
      "type": "Microsoft.Resources/deployments",
      "properties": {
        "mode": "Incremental",
        "templateLink": {
          "uri": "[concat(parameters('_artifactsLocation'),'/Microsoft.ApiManagement/Templates/APIMGroups.json', parameters('_artifactsLocationSasToken'))]",
          "contentVersion": "1.0.0.0"
        },
        "parameters": {
          "configurationParameters": {
            "value": "[parameters('configurationParameters')]"
          }
        }
      },
      "dependsOn": [
        "[resourceId('Microsoft.Resources/deployments', 'APIMServiceInstance')]"
      ]
    },

    {
      "comments": "APIM Products",
      "apiVersion": "2017-05-10",
      "name": "APIMProducts",
      "type": "Microsoft.Resources/deployments",
      "properties": {
        "mode": "Incremental",
        "templateLink": {
          "uri": "[concat(parameters('_artifactsLocation'),'/Microsoft.ApiManagement/Templates/APIMProducts.json', parameters('_artifactsLocationSasToken'))]",
          "contentVersion": "1.0.0.0"
        },
        "parameters": {
          "configurationParameters": {
            "value": "[parameters('configurationParameters')]"
          }
        }
      },
      "dependsOn": [
        "[resourceId('Microsoft.Resources/deployments', 'APIMServiceInstance')]"
      ]
    },

    {
      "comments": "APIM Backends",
      "apiVersion": "2017-05-10",
      "name": "APIMBackends",
      "type": "Microsoft.Resources/deployments",
      "properties": {
        "mode": "Incremental",
        "templateLink": {
          "uri": "[concat(parameters('_artifactsLocation'),'/Microsoft.ApiManagement/Templates/APIMBackends.json', parameters('_artifactsLocationSasToken'))]",
          "contentVersion": "1.0.0.0"
        },
        "parameters": {
          "configurationParameters": {
            "value": "[parameters('configurationParameters')]"
          }
        }
      },
      "dependsOn": [
        "[resourceId('Microsoft.Resources/deployments', 'APIMServiceInstance')]"
      ]
    },

    {
      "comments": "APIM Named Values",
      "apiVersion": "2017-05-10",
      "name": "APIMNamedValues",
      "type": "Microsoft.Resources/deployments",
      "properties": {
        "mode": "Incremental",
        "templateLink": {
          "uri": "[concat(parameters('_artifactsLocation'),'/Microsoft.ApiManagement/Templates/APIMNamedValues.json', parameters('_artifactsLocationSasToken'))]",
          "contentVersion": "1.0.0.0"
        },
        "parameters": {
          "configurationParameters": {
            "value": "[parameters('configurationParameters')]"
          },
          "clientIdVP": {
            "reference": {
              "keyVault": {
                "id": "[concat(subscription().id, '/resourceGroups/', resourceGroup().name, '/providers/Microsoft.KeyVault/vaults/', parameters('keyVaultName'))]"
              },
              "secretName": "apim-clientIdVP"
            }
          },
          "clientSecretVP": {
            "reference": {
              "keyVault": {
                "id": "[concat(subscription().id, '/resourceGroups/', resourceGroup().name, '/providers/Microsoft.KeyVault/vaults/', parameters('keyVaultName'))]"
              },
              "secretName": "apim-clientSecretVP"
            }
          }
        }
      },
      "dependsOn": [
        "[resourceId('Microsoft.Resources/deployments', 'APIMServiceInstance')]"
      ]
    },

    {
      "comments": "APIM Groups-Users",
      "apiVersion": "2017-05-10",
      "name": "APIMGroupsUsers",
      "type": "Microsoft.Resources/deployments",
      "properties": {
        "mode": "Incremental",
        "templateLink": {
          "uri": "[concat(parameters('_artifactsLocation'),'/Microsoft.ApiManagement/Templates/APIMGroupsUsers.json', parameters('_artifactsLocationSasToken'))]",
          "contentVersion": "1.0.0.0"
        },
        "parameters": {
          "configurationParameters": {
            "value": "[parameters('configurationParameters')]"
          }
        }
      },
      "dependsOn": [
        "[resourceId('Microsoft.Resources/deployments', 'APIMGroups')]",
        "[resourceId('Microsoft.Resources/deployments', 'APIMUsers')]"
      ]
    },

    {
      "comments": "APIM Products-Groups",
      "apiVersion": "2017-05-10",
      "name": "APIMProductsGroups",
      "type": "Microsoft.Resources/deployments",
      "properties": {
        "mode": "Incremental",
        "templateLink": {
          "uri": "[concat(parameters('_artifactsLocation'),'/Microsoft.ApiManagement/Templates/APIMProductsGroups.json', parameters('_artifactsLocationSasToken'))]",
          "contentVersion": "1.0.0.0"
        },
        "parameters": {
          "configurationParameters": {
            "value": "[parameters('configurationParameters')]"
          }
        }
      },
      "dependsOn": [
        "[resourceId('Microsoft.Resources/deployments', 'APIMProducts')]",
        "[resourceId('Microsoft.Resources/deployments', 'APIMGroups')]"
      ]
    },

    {
      "comments": "APIM Subscriptions",
      "apiVersion": "2017-05-10",
      "name": "APIMSubscriptions",
      "type": "Microsoft.Resources/deployments",
      "properties": {
        "mode": "Incremental",
        "templateLink": {
          "uri": "[concat(parameters('_artifactsLocation'),'/Microsoft.ApiManagement/Templates/APIMSubscriptions.json', parameters('_artifactsLocationSasToken'))]",
          "contentVersion": "1.0.0.0"
        },
        "parameters": {
          "configurationParameters": {
            "value": "[parameters('configurationParameters')]"
          }
        }
      },
      "dependsOn": [
        "[resourceId('Microsoft.Resources/deployments', 'APIMProducts')]",
        "[resourceId('Microsoft.Resources/deployments', 'APIMUsers')]"
      ]
    },
    {
      "comments": "Verbruiken Platform Emission API",
      "apiVersion": "2017-05-10",
      "name": "VerbruikenPlatformEmissionAPI",
      "type": "Microsoft.Resources/deployments",
      "properties": {
        "mode": "Incremental",
        "templateLink": {
          "uri": "[concat(parameters('_artifactsLocation'),'/Microsoft.ApiManagement/Templates/APIs/VerbruikenPlatformEmissionApi/VerbruikenPlatformEmissionApi.json', parameters('_artifactsLocationSasToken'))]",
          "contentVersion": "1.0.0.0"
        },
        "parameters": {
          "configurationParameters": {
            "value": "[parameters('configurationParameters')]"
          },
          "_artifactsLocation": {
            "value": "[parameters('_artifactsLocation')]"
          },
          "_artifactsLocationSasToken": {
            "value": "[parameters('_artifactsLocationSasToken')]"
          }
        }
      },
      "dependsOn": [
        "[resourceId('Microsoft.Resources/deployments', 'APIMServiceInstance')]",
        "[resourceId('Microsoft.Resources/deployments', 'APIMBackends')]"
      ]
    },
    {
      "comments": "Verbruiken Platform Export API",
      "apiVersion": "2017-05-10",
      "name": "VerbruikenPlatformExportApi",
      "type": "Microsoft.Resources/deployments",
      "properties": {
        "mode": "Incremental",
        "templateLink": {
          "uri": "[concat(parameters('_artifactsLocation'),'/Microsoft.ApiManagement/Templates/APIs/VerbruikenPlatformExportApi/VerbruikenPlatformExportApi.json', parameters('_artifactsLocationSasToken'))]",
          "contentVersion": "1.0.0.0"
        },
        "parameters": {
          "configurationParameters": {
            "value": "[parameters('configurationParameters')]"
          },
          "_artifactsLocation": {
            "value": "[parameters('_artifactsLocation')]"
          },
          "_artifactsLocationSasToken": {
            "value": "[parameters('_artifactsLocationSasToken')]"
          }
        }
      },
      "dependsOn": [
        "[resourceId('Microsoft.Resources/deployments', 'APIMServiceInstance')]",
        "[resourceId('Microsoft.Resources/deployments', 'APIMBackends')]"
      ]
    },
    {
      "comments": "Verbruiken Platform Consumption API",
      "apiVersion": "2017-05-10",
      "name": "VerbruikenPlatformConsumptionApi",
      "type": "Microsoft.Resources/deployments",
      "properties": {
        "mode": "Incremental",
        "templateLink": {
          "uri": "[concat(parameters('_artifactsLocation'),'/Microsoft.ApiManagement/Templates/APIs/VerbruikenPlatformConsumptionApi/VerbruikenPlatformConsumptionApi.json', parameters('_artifactsLocationSasToken'))]",
          "contentVersion": "1.0.0.0"
        },
        "parameters": {
          "configurationParameters": {
            "value": "[parameters('configurationParameters')]"
          },
          "_artifactsLocation": {
            "value": "[parameters('_artifactsLocation')]"
          },
          "_artifactsLocationSasToken": {
            "value": "[parameters('_artifactsLocationSasToken')]"
          }
        }
      },
      "dependsOn": [
        "[resourceId('Microsoft.Resources/deployments', 'APIMServiceInstance')]",
        "[resourceId('Microsoft.Resources/deployments', 'APIMBackends')]"
      ]
    },
    {
      "comments": "APIM Company Info API",
      "apiVersion": "2017-05-10",
      "name": "APIMCompanyInfoAPI",
      "type": "Microsoft.Resources/deployments",
      "properties": {
        "mode": "Incremental",
        "templateLink": {
          "uri": "[concat(parameters('_artifactsLocation'),'/Microsoft.ApiManagement/Templates/APIs/CompanyInfo/CompanyInfo.json', parameters('_artifactsLocationSasToken'))]",
          "contentVersion": "1.0.0.0"
        },
        "parameters": {
          "configurationParameters": {
            "value": "[parameters('configurationParameters')]"
          },
          "_artifactsLocation": {
            "value": "[parameters('_artifactsLocation')]"
          },
          "_artifactsLocationSasToken": {
            "value": "[parameters('_artifactsLocationSasToken')]"
          }
        }
      },
      "dependsOn": [
        "[resourceId('Microsoft.Resources/deployments', 'APIMServiceInstance')]",
        "[resourceId('Microsoft.Resources/deployments', 'APIMBackends')]"
      ]
    },
    //{
    //  "comments": "APIM Facade Umax API",
    //  "apiVersion": "2017-05-10",
    //  "name": "APIMFacadeUmaxAPI",
    //  "type": "Microsoft.Resources/deployments",
    //  "properties": {
    //    "mode": "Incremental",
    //    "templateLink": {
    //      "uri": "[concat(parameters('_artifactsLocation'),'/Microsoft.ApiManagement/Templates/APIs/FacadeUmax/FacadeUmax.json', parameters('_artifactsLocationSasToken'))]",
    //      "contentVersion": "1.0.0.0"
    //    },
    //    "parameters": {
    //      "configurationParameters": {
    //        "value": "[parameters('configurationParameters')]"
    //      },
    //      "_artifactsLocation": {
    //        "value": "[parameters('_artifactsLocation')]"
    //      },
    //      "_artifactsLocationSasToken": {
    //        "value": "[parameters('_artifactsLocationSasToken')]"
    //      }
    //    }
    //  },
    //  "dependsOn": [
    //    "[resourceId('Microsoft.Resources/deployments', 'APIMServiceInstance')]",
    //    "[resourceId('Microsoft.Resources/deployments', 'APIMBackends')]"
    //  ]
    //},
    {
      "comments": "APIM Products APIs",
      "apiVersion": "2017-05-10",
      "name": "APIMProductsAPIs",
      "type": "Microsoft.Resources/deployments",
      "properties": {
        "mode": "Incremental",
        "templateLink": {
          "uri": "[concat(parameters('_artifactsLocation'),'/Microsoft.ApiManagement/Templates/APIMProductsAPIs.json', parameters('_artifactsLocationSasToken'))]",
          "contentVersion": "1.0.0.0"
        },
        "parameters": {
          "configurationParameters": {
            "value": "[parameters('configurationParameters')]"
          }
        }
      },
      "dependsOn": [
        "[resourceId('Microsoft.Resources/deployments', 'APIMProducts')]"
      ]
    }
  ]
}