﻿{
  "$schema": "http://schema.management.azure.com/schemas/2015-01-01/deploymentTemplate.json#",
  "contentVersion": "1.0.0.0",
  "parameters": {
    "configurationParameters": {
      "type": "object"
    }
  },
  "variables": {
    "storageAccountName": "[concat(parameters('configurationParameters').storageAccountName, parameters('configurationParameters').environment)]",
    "endPoints": "[concat(';BlobEndpoint=https://',variables('storageAccountName'),'.blob.core.windows.net/;TableEndpoint=https://',variables('storageAccountName'),'.table.core.windows.net/;QueueEndpoint=https://',variables('storageAccountName'),'.queue.core.windows.net/;FileEndpoint=https://',variables('storageAccountName'),'.file.core.windows.net/')]"
  },
  "resources": [
    {
      "apiVersion": "2016-01-01",
      "name": "[variables('storageAccountName')]",
      "type": "Microsoft.Storage/storageAccounts",
      "location": "[resourceGroup().location]",
      "sku": {
        "name": "Standard_GRS",
        "tier": "standard"
      },
      "kind": "Storage"
    }
  ],
  "outputs": {
    "storageAccountConnectionString": {
      "type": "string",
      "value": "[concat('DefaultEndpointsProtocol=https;AccountName=',variables('storageAccountName'),';AccountKey=',listKeys(variables('storageAccountName'), '2016-01-01').keys[0].value,variables('endPoints'))]"
    },
    "storageAccountName": {
      "type": "string",
      "value": "[variables('storageAccountName')]"
    },
    "storageAccountKey": {
      "type": "string",
      "value": "[listKeys(variables('storageAccountName'), '2016-01-01').keys[0].value]"
    }
  }
}