{
  "$schema": "https://schema.management.azure.com/schemas/2015-01-01/deploymentTemplate.json#",
  "contentVersion": "1.0.0.0",
  "parameters": {
    "_artifactsLocation": {
      "type": "string"
    },
    "_artifactsLocationSasToken": {
      "type": "securestring"
    },
    "configurationParameters": {
      "type": "object"
    }
  },
  "variables": {
    "outputSampleVar": "[concat('outputsample-', parameters('configurationParameters').environment)]"
  },
  "resources": [
    {
      "comments": "Storage Account",
      "apiVersion": "2016-09-01",
      "name": "StorageAccount",
      "type": "Microsoft.Resources/deployments",
      "properties": {
        "mode": "Incremental",
        "templateLink": {
          "uri": "[concat(parameters('_artifactsLocation'),'/Microsoft.Storage/StorageAccount.json', parameters('_artifactsLocationSasToken'))]",
          "contentVersion": "1.0.0.0"
        },
        "parameters": {
          "configurationParameters": {
            "value": "[parameters('configurationParameters')]"
          }
        }
      }
    },
    {
      "comments": "API Connection TableStorage",
      "apiVersion": "2016-09-01",
      "name": "APIConnectionTableStorage",
      "type": "Microsoft.Resources/deployments",
      "properties": {
        "mode": "Incremental",
        "templateLink": {
          "uri": "[concat(parameters('_artifactsLocation'),'/Microsoft.Web/AzureTableConnection.json', parameters('_artifactsLocationSasToken'))]",
          "contentVersion": "1.0.0.0"
        },
        "parameters": {
          "configurationParameters": {
            "value": "[parameters('configurationParameters')]"
          },
          "dependencies": {
            "value": {
              "storageAccount": {
                "resourceGroup": "[resourceGroup().name]",
                "name": "[reference('StorageAccount').outputs.storageAccountName.value]",
                "key": "[reference('StorageAccount').outputs.storageAccountKey.value]",
                "connectionString": "[reference('StorageAccount').outputs.storageAccountConnectionString.value]"
              }
            }
          }
        }
      }
    },
    {
      "comments": "Logic App Using Table",
      "apiVersion": "2016-09-01",
      "name": "LogicAppImportEM",
      "type": "Microsoft.Resources/deployments",
      "properties": {
        "mode": "Incremental",
        "templateLink": {
          "uri": "[concat(parameters('_artifactsLocation'),'/Microsoft.Logic/SampleLogicApp.json', parameters('_artifactsLocationSasToken'))]",
          "contentVersion": "1.0.0.0"
        },
        "parameters": {
          "configurationParameters": {
            "value": "[parameters('configurationParameters')]"
          },
          "dependencies": {
            "value": {
              "apiConnections": {
                "connectionTableStorageName": "[reference('APIConnectionTableStorage').outputs.connectionName.value]"
              }
            }
          }
        }
      }
    }
  ],
  "outputs": {
    "sampleOutputVariable": {
      "type": "string",
      "value": "[variables('outputSampleVar')]"
    }
  }
}
