{
  "$schema": "https://schema.management.azure.com/schemas/2015-01-01/deploymentParameters.json#",
  "contentVersion": "1.0.0.0",
  "parameters": {
    "configurationParameters": {
      "value": {
        "environment": "t",

        "appInsightInstrumentationKey": "{app insight TEST guid here}",

        "logicAppName": "ebsaz-logicapp-sample-",

        "storageAccountName": "ebsazstoragesample",

        "recurrencesLogicApp": {
          "frequency": "Day",
          "interval": 1,
          "hours": 2,
          "minutes": 0
        },

        "apiConnections": {
          "connectionTableStorageName": "ebsaz-sample-"
        }
      }
    }
  }
}
