{
  "$schema": "https://schema.management.azure.com/schemas/2015-01-01/deploymentParameters.json#",
  "contentVersion": "1.0.0.0",
  "parameters": {

    "Zone": {
      "value": "mm"
    },
    "NicProperties": {
      "value": {
        "ipConfigurations": [
          {
            "name": "ipconfig1",
            "properties": {
              "privateIPAllocationMethod": "Static",
              "privateIPAddress": "10.73.0.87",
              "subnet": {
                "id": "/subscriptions/1a40c5cd-b1f4-42db-afee-d4d4a8705807/resourceGroups/rg-vnet-platform-ss-501/providers/Microsoft.Network/virtualNetworks/vnet-ss-501/subnets/subnet-mmadds-ss"
              }
            }
          }
        ],
        "dnsSettings": {
          "dnsServers": [
            "10.73.0.86"
          ]

        }
      }
    },
    "DNo": {
      "value": "502"
    },
    "FinancialOwner": {
      "value": "SogetiCapgemini"
    },
    "OpsOwner": {
      "value": "SogetiCapgemini"
    },
    "AppName": {
      "value": "mmadds-502-nic"
    },
    "Environment": {
      "value": "SharedServices"
    }
  }
}
