﻿{
  "$schema": "https://schema.management.azure.com/schemas/2015-01-01/deploymentParameters.json#",
  "contentVersion": "1.0.0.0",
  "parameters": {
    "Purpose": {
      "value": "Platform"
    },
    "Dname": {
      "value": "a"
    },
    "Dno": {
      "value": "101"
    },
    "HDname": {
      "value": "a"
    },
    "HDno": {
      "value": "102"
    },
    "SubscriptionID": {
      "value": "da29ede9-8464-467d-981b-258ef454a8a2"
    },
    "AllowVirtualNetworkAccess": {
      "value": "true"
    },
    "AllowForwardedTraffic": {
      "value": "true"
    },
    "AllowGatewayTransit": {
      "value": "true"
    },
    "UseRemoteGateways": {
      "value": "false"
    }
  }
}