{
  "$schema": "https://schema.management.azure.com/schemas/2015-01-01/deploymentTemplate.json#",
  "contentVersion": "1.0.0.0",
  "parameters": {
    "adminUsername": {
      "type": "string",
      "minLength": 1,
      "metadata": {
        "description": "Username for the Virtual Machine."
      }
    },
    "adminPassword": {
      "type": "securestring",
      "metadata": {
        "description": "Password for the Virtual Machine."
      }
    },
    "dnsNameForPublicIP": {
      "type": "string",
      "minLength": 1,
      "metadata": {
        "description": "Globally unique DNS Name for the Public IP used to access the Virtual Machine."
      }
    },
    "windowsOSVersion": {
      "type": "string",
      "defaultValue": "2012-R2-Datacenter",
      "allowedValues": [
        "2008-R2-SP1",
        "2012-Datacenter",
        "2012-R2-Datacenter"
      ],
      "metadata": {
        "description": "The Windows version for the VM. This will pick a fully patched image of this given Windows version. Allowed values: 2008-R2-SP1, 2012-Datacenter, 2012-R2-Datacenter."
      }
    }
  },
  "variables": {
    "imagePublisher": "MicrosoftWindowsServer",
    "imageOffer": "WindowsServer",
    "OSDiskName": "osdiskforwindowssimple",
    "nicName": "myVMNic",
    "addressPrefix": "10.0.0.0/16",
    "subnetName": "Subnet",
    "subnetPrefix": "10.0.0.0/24",
    "vhdStorageType": "Standard_LRS",
    "publicIPAddressName": "myPublicIP",
    "publicIPAddressType": "Dynamic",
    "vhdStorageContainerName": "vhds",
    "vmName": "MyWindowsVM",
    "vmSize": "Standard_A2",
    "virtualNetworkName": "MyVNET",
    "vnetId": "[resourceId('Microsoft.Network/virtualNetworks', variables('virtualNetworkName'))]",
    "subnetRef": "[concat(variables('vnetId'), '/subnets/', variables('subnetName'))]",
    "vhdStorageAccountName": "[concat('vhdstorage', uniqueString(resourceGroup().id))]",
    "diagnosticsStorageAccountName": "[variables('vhdStorageAccountName')]",
    "wadmetricsresourceid": "[resourceId('Microsoft.Compute/virtualMachines', variables('vmName'))]"
  },
  "resources": [
    {
      "type": "Microsoft.Storage/storageAccounts",
      "name": "[variables('vhdStorageAccountName')]",
      "apiVersion": "2016-01-01",
      "location": "[resourceGroup().location]",
      "tags": {
        "displayName": "StorageAccount"
      },
      "sku": {
        "name": "[variables('vhdStorageType')]"
      },
      "kind": "Storage"
    },
    {
      "apiVersion": "2016-03-30",
      "type": "Microsoft.Network/publicIPAddresses",
      "name": "[variables('publicIPAddressName')]",
      "location": "[resourceGroup().location]",
      "tags": {
        "displayName": "PublicIPAddress"
      },
      "properties": {
        "publicIPAllocationMethod": "[variables('publicIPAddressType')]",
        "dnsSettings": {
          "domainNameLabel": "[parameters('dnsNameForPublicIP')]"
        }
      }
    },
    {
      "apiVersion": "2016-03-30",
      "type": "Microsoft.Network/virtualNetworks",
      "name": "[variables('virtualNetworkName')]",
      "location": "[resourceGroup().location]",
      "tags": {
        "displayName": "VirtualNetwork"
      },
      "properties": {
        "addressSpace": {
          "addressPrefixes": [
            "[variables('addressPrefix')]"
          ]
        },
        "subnets": [
          {
            "name": "[variables('subnetName')]",
            "properties": {
              "addressPrefix": "[variables('subnetPrefix')]"
            }
          }
        ]
      }
    },
    {
      "apiVersion": "2016-03-30",
      "type": "Microsoft.Network/networkInterfaces",
      "name": "[variables('nicName')]",
      "location": "[resourceGroup().location]",
      "tags": {
        "displayName": "NetworkInterface"
      },
      "dependsOn": [
        "[resourceId('Microsoft.Network/publicIPAddresses/', variables('publicIPAddressName'))]",
        "[resourceId('Microsoft.Network/virtualNetworks/', variables('virtualNetworkName'))]"
      ],
      "properties": {
        "ipConfigurations": [
          {
            "name": "ipconfig1",
            "properties": {
              "privateIPAllocationMethod": "Dynamic",
              "publicIPAddress": {
                "id": "[resourceId('Microsoft.Network/publicIPAddresses', variables('publicIPAddressName'))]"
              },
              "subnet": {
                "id": "[variables('subnetRef')]"
              }
            }
          }
        ]
      }
    },
    {
      "apiVersion": "2015-06-15",
      "type": "Microsoft.Compute/virtualMachines",
      "name": "[variables('vmName')]",
      "location": "[resourceGroup().location]",
      "tags": {
        "displayName": "VirtualMachine"
      },
      "dependsOn": [
        "[resourceId('Microsoft.Storage/storageAccounts/', variables('vhdStorageAccountName'))]",
        "[resourceId('Microsoft.Network/networkInterfaces/', variables('nicName'))]"
      ],
      "properties": {
        "hardwareProfile": {
          "vmSize": "[variables('vmSize')]"
        },
        "osProfile": {
          "computerName": "[variables('vmName')]",
          "adminUsername": "[parameters('adminUsername')]",
          "adminPassword": "[parameters('adminPassword')]"
        },
        "storageProfile": {
          "imageReference": {
            "publisher": "[variables('imagePublisher')]",
            "offer": "[variables('imageOffer')]",
            "sku": "[parameters('windowsOSVersion')]",
            "version": "latest"
          },
          "osDisk": {
            "name": "osdisk",
            "vhd": {
              "uri": "[concat(reference(resourceId('Microsoft.Storage/storageAccounts', variables('vhdStorageAccountName')), '2016-01-01').primaryEndpoints.blob, variables('vhdStorageContainerName'), '/', variables('OSDiskName'), '.vhd')]"
            },
            "caching": "ReadWrite",
            "createOption": "FromImage"
          }
        },
        "networkProfile": {
          "networkInterfaces": [
            {
              "id": "[resourceId('Microsoft.Network/networkInterfaces', variables('nicName'))]"
            }
          ]
        },
        "diagnosticsProfile": {
          "bootDiagnostics": {
            "enabled": true,
            "storageUri": "[reference(resourceId('Microsoft.Storage/storageAccounts', variables('vhdStorageAccountName')), '2016-01-01').primaryEndpoints.blob]"
          }
        }
      },
      "resources": [
        {
          "type": "extensions",
          "name": "Microsoft.Insights.VMDiagnosticsSettings",
          "apiVersion": "2016-03-30",
          "location": "[resourceGroup().location]",
          "tags": {
            "displayName": "AzureDiagnostics"
          },
          "dependsOn": [
            "[resourceId('Microsoft.Compute/virtualMachines/', variables('vmName'))]"
          ],
          "properties": {
            "publisher": "Microsoft.Azure.Diagnostics",
            "type": "IaaSDiagnostics",
            "typeHandlerVersion": "1.5",
            "autoUpgradeMinorVersion": true,
            "settings": {
              "WadCfg": {
                "DiagnosticMonitorConfiguration": {
                  "overallQuotaInMB": "4096",
                  "DiagnosticInfrastructureLogs": {
                    "scheduledTransferLogLevelFilter": "Error"
                  },
                  "WindowsEventLog": {
                    "scheduledTransferPeriod": "PT1M",
                    "DataSource": [
                      {
                        "name": "Application!*[System[(Level = 1) or (Level = 2)]]"
                      },
                      {
                        "name": "Security!*[System[(Level = 1 or Level = 2)]]"
                      },
                      {
                        "name": "System!*[System[(Level = 1 or Level = 2)]]"
                      }
                    ]
                  },
                  "PerformanceCounters": {
                    "scheduledTransferPeriod": "PT1M",
                    "PerformanceCounterConfiguration": [
                      {
                        "counterSpecifier": "\\Processor(_Total)\\% Processor Time",
                        "sampleRate": "PT15S",
                        "unit": "Percent",
                        "annotation": [
                          {
                            "displayName": "CPU utilization",
                            "locale": "en-us"
                          }
                        ]
                      },
                      {
                        "counterSpecifier": "\\Processor(_Total)\\% Privileged Time",
                        "sampleRate": "PT15S",
                        "unit": "Percent",
                        "annotation": [
                          {
                            "displayName": "CPU privileged time",
                            "locale": "en-us"
                          }
                        ]
                      },
                      {
                        "counterSpecifier": "\\Processor(_Total)\\% User Time",
                        "sampleRate": "PT15S",
                        "unit": "Percent",
                        "annotation": [
                          {
                            "displayName": "CPU user time",
                            "locale": "en-us"
                          }
                        ]
                      },
                      {
                        "counterSpecifier": "\\Processor Information(_Total)\\Processor Frequency",
                        "sampleRate": "PT15S",
                        "unit": "Count",
                        "annotation": [
                          {
                            "displayName": "CPU frequency",
                            "locale": "en-us"
                          }
                        ]
                      },
                      {
                        "counterSpecifier": "\\System\\Processes",
                        "sampleRate": "PT15S",
                        "unit": "Count",
                        "annotation": [
                          {
                            "displayName": "Processes",
                            "locale": "en-us"
                          }
                        ]
                      },
                      {
                        "counterSpecifier": "\\Process(_Total)\\Thread Count",
                        "sampleRate": "PT15S",
                        "unit": "Count",
                        "annotation": [
                          {
                            "displayName": "Threads",
                            "locale": "en-us"
                          }
                        ]
                      },
                      {
                        "counterSpecifier": "\\Process(_Total)\\Handle Count",
                        "sampleRate": "PT15S",
                        "unit": "Count",
                        "annotation": [
                          {
                            "displayName": "Handles",
                            "locale": "en-us"
                          }
                        ]
                      },
                      {
                        "counterSpecifier": "\\Memory\\% Committed Bytes In Use",
                        "sampleRate": "PT15S",
                        "unit": "Percent",
                        "annotation": [
                          {
                            "displayName": "Memory usage",
                            "locale": "en-us"
                          }
                        ]
                      },
                      {
                        "counterSpecifier": "\\Memory\\Available Bytes",
                        "sampleRate": "PT15S",
                        "unit": "Bytes",
                        "annotation": [
                          {
                            "displayName": "Memory available",
                            "locale": "en-us"
                          }
                        ]
                      },
                      {
                        "counterSpecifier": "\\Memory\\Committed Bytes",
                        "sampleRate": "PT15S",
                        "unit": "Bytes",
                        "annotation": [
                          {
                            "displayName": "Memory committed",
                            "locale": "en-us"
                          }
                        ]
                      },
                      {
                        "counterSpecifier": "\\Memory\\Commit Limit",
                        "sampleRate": "PT15S",
                        "unit": "Bytes",
                        "annotation": [
                          {
                            "displayName": "Memory commit limit",
                            "locale": "en-us"
                          }
                        ]
                      },
                      {
                        "counterSpecifier": "\\PhysicalDisk(_Total)\\% Disk Time",
                        "sampleRate": "PT15S",
                        "unit": "Percent",
                        "annotation": [
                          {
                            "displayName": "Disk active time",
                            "locale": "en-us"
                          }
                        ]
                      },
                      {
                        "counterSpecifier": "\\PhysicalDisk(_Total)\\% Disk Read Time",
                        "sampleRate": "PT15S",
                        "unit": "Percent",
                        "annotation": [
                          {
                            "displayName": "Disk active read time",
                            "locale": "en-us"
                          }
                        ]
                      },
                      {
                        "counterSpecifier": "\\PhysicalDisk(_Total)\\% Disk Write Time",
                        "sampleRate": "PT15S",
                        "unit": "Percent",
                        "annotation": [
                          {
                            "displayName": "Disk active write time",
                            "locale": "en-us"
                          }
                        ]
                      },
                      {
                        "counterSpecifier": "\\PhysicalDisk(_Total)\\Disk Transfers/sec",
                        "sampleRate": "PT15S",
                        "unit": "CountPerSecond",
                        "annotation": [
                          {
                            "displayName": "Disk operations",
                            "locale": "en-us"
                          }
                        ]
                      },
                      {
                        "counterSpecifier": "\\PhysicalDisk(_Total)\\Disk Reads/sec",
                        "sampleRate": "PT15S",
                        "unit": "CountPerSecond",
                        "annotation": [
                          {
                            "displayName": "Disk read operations",
                            "locale": "en-us"
                          }
                        ]
                      },
                      {
                        "counterSpecifier": "\\PhysicalDisk(_Total)\\Disk Writes/sec",
                        "sampleRate": "PT15S",
                        "unit": "CountPerSecond",
                        "annotation": [
                          {
                            "displayName": "Disk write operations",
                            "locale": "en-us"
                          }
                        ]
                      },
                      {
                        "counterSpecifier": "\\PhysicalDisk(_Total)\\Disk Bytes/sec",
                        "sampleRate": "PT15S",
                        "unit": "BytesPerSecond",
                        "annotation": [
                          {
                            "displayName": "Disk speed",
                            "locale": "en-us"
                          }
                        ]
                      },
                      {
                        "counterSpecifier": "\\PhysicalDisk(_Total)\\Disk Read Bytes/sec",
                        "sampleRate": "PT15S",
                        "unit": "BytesPerSecond",
                        "annotation": [
                          {
                            "displayName": "Disk read speed",
                            "locale": "en-us"
                          }
                        ]
                      },
                      {
                        "counterSpecifier": "\\PhysicalDisk(_Total)\\Disk Write Bytes/sec",
                        "sampleRate": "PT15S",
                        "unit": "BytesPerSecond",
                        "annotation": [
                          {
                            "displayName": "Disk write speed",
                            "locale": "en-us"
                          }
                        ]
                      },
                      {
                        "counterSpecifier": "\\LogicalDisk(_Total)\\% Free Space",
                        "sampleRate": "PT15S",
                        "unit": "Percent",
                        "annotation": [
                          {
                            "displayName": "Disk free space (percentage)",
                            "locale": "en-us"
                          }
                        ]
                      }
                    ]
                  },
                  "Metrics": {
                    "resourceId": "[variables('wadmetricsresourceid')]",
                    "MetricAggregation": [
                      {
                        "scheduledTransferPeriod": "PT1H"
                      },
                      {
                        "scheduledTransferPeriod": "PT1M"
                      }
                    ]
                  }
                }
              }
            },
            "protectedSettings": {
              "storageAccountName": "[variables('diagnosticsStorageAccountName')]",
              "storageAccountKey": "[listkeys(resourceId('Microsoft.Storage/storageAccounts', variables('diagnosticsStorageAccountName')), '2016-01-01').keys[0].value]"
            }
          }
        }
      ]
    }
  ]
}
