{
  "$schema": "https://schema.management.azure.com/schemas/2015-01-01/deploymentParameters.json#",
  "contentVersion": "1.0.0.0",
  "parameters": {
    "vmName": {
      "value": "afsflake-401"
    },
    "keyVaultName": {
      "value": "keyvault-sflake-sb-401"
    },
    "keyVaultResourceGroup": {
      "value": "rg-sflake-af-sb-401"
    },
    "keyEncryptionKeyURL": {
      "value": "https://keyvault-sflake-sb-401.vault.azure.net/keys/encryption/12666691c0424d6cadb117efbdf4f850"
    },
    "volumeType": {
      "value": "All"
    },
    "forceUpdateTag": {
      "value": "1.0"
    },
    "resizeOSDisk": {
      "value": false
    },
    "location": {
      "value": "westeurope"
    }
  }
}