{
  "$schema": "https://schema.management.azure.com/schemas/2015-01-01/deploymentTemplate.json#",
  "contentVersion": "1.0.0.0",
  "parameters": {
    "vmName": {
      "type": "string",
      "defaultValue": "mmapp-301",
      "metadata": {
        "description": "Name of the virtual machine"
      }
    },
  "keyVaultName": {
            "defaultValue": "keyvault-sb-app1-402",
            "type": "string"
        },
  "keyVaultResourceGroup": {
            "defaultValue": "rg-app1-app-sb-402",
            "type": "string",
            "metadata": {
                "description": "Resource group of the KeyVault"
            }
        },
   "keyEncryptionKeyURL": {
    "defaultValue": "https://keyvault-sb-app1-402.vault.azure.net/keys/Secratekey/bafa75755d7a497fb9247469fa43daf5",
            "type": "string",
            "metadata": {
                "description": "URL of the KeyEncryptionKey used to encrypt the volume encryption key"
            }
        },

    "volumeType": {
      "type": "string",
      "defaultValue": "All",
      "metadata": {
        "description": "Type of the volume OS or Data to perform encryption operation"
      }
    },
    "forceUpdateTag": {
      "type": "string",
      "defaultValue": "1.0",
      "metadata": {
        "description": "Pass in an unique value like a GUID everytime the operation needs to be force run"
      }
    },
    "resizeOSDisk": {
      "type": "bool",
      "defaultValue": false,
      "metadata": {
        "description": "Should the OS partition be resized to occupy full OS VHD before splitting system volume"
      }
    },
    "location": {
      "type": "string",
      "defaultValue": "westeurope",
      "metadata": {
        "description": "Location for all resources."
      }
    }
  },
  "variables": {
    "extensionName": "AzureDiskEncryption",
    "extensionVersion": "2.2",
    "encryptionOperation": "EnableEncryption",
    "keyEncryptionAlgorithm": "RSA-OAEP",
    "keyVaultResourceID": "[resourceId(parameters('keyVaultResourceGroup'), 'Microsoft.KeyVault/vaults/', parameters('keyVaultName'))]"
  },
  "resources": [
    {
      "type": "Microsoft.Compute/virtualMachines/extensions",
      "name": "[concat(parameters('vmName'),'/', variables('extensionName'))]",
      "location": "[parameters('location')]",
      "apiVersion": "2017-03-30",
      
      "properties": {
        "publisher": "Microsoft.Azure.Security",
        "type": "[variables('extensionName')]",
        "typeHandlerVersion": "[variables('extensionVersion')]",
        "autoUpgradeMinorVersion": true,
        "forceUpdateTag": "[parameters('forceUpdateTag')]",
        "settings": {
          "EncryptionOperation": "[variables('encryptionOperation')]",
          "KeyVaultURL": "[reference(variables('keyVaultResourceId'),'2016-10-01').vaultUri]",
          "KeyVaultResourceId": "[variables('keyVaultResourceID')]",
          "KeyEncryptionKeyURL": "[parameters('keyEncryptionKeyURL')]",
          "KekVaultResourceId": "[variables('keyVaultResourceID')]",
          "KeyEncryptionAlgorithm": "[variables('keyEncryptionAlgorithm')]",
          "VolumeType": "[parameters('volumeType')]",
          "ResizeOSDisk": "[parameters('resizeOSDisk')]"
        }
      }
    }
  ]
}