﻿{
  "$schema": "https://schema.management.azure.com/schemas/2015-01-01/deploymentTemplate.json#",
  "contentVersion": "1.0.0.0",
  "parameters": {
    "moduleUrl": {
      "type": "string"
    },
    "moduleFunction": {
      "type": "string"
    },
    "location": {
      "type": "string",
      "defaultValue": "[resourceGroup().location]"
    },
    "properties": {
      "type": "object"
    },
    "adminVmPassword": {
      "type": "securestring"
    },
    "extensionName": {
      "type": "string"
    },
    "vmName": {
      "type": "string"
    }

  },
  "variables": {
  },
  "resources": [
    {
      "type": "Microsoft.Compute/virtualMachines/extensions",
      "name": "[concat(parameters('vmName'),'/',parameters('extensionName'))]",
      "apiVersion": "2016-03-30",
      "location": "[parameters('location')]",
      "dependsOn": [
      ],
      "properties": {
        "publisher": "Microsoft.Powershell",
        "type": "DSC",
        "typeHandlerVersion": "2.19",
        "autoUpgradeMinorVersion": true,
        "settings": {
          "modulesUrl": "[parameters('moduleUrl')]",
          "configurationFunction": "[parameters('moduleFunction')]",
          "Properties": "[parameters('properties')]"
        },
        "protectedSettings": {
          "Items": {
            "AdminPassword": "[parameters('adminVmPassword')]"
          }
        }
      }
    }
  ],
  "outputs": {
  }
}
