{
  "$schema": "https://schema.management.azure.com/schemas/2015-01-01/deploymentTemplate.json#",
  "contentVersion": "1.0.0.0",
  "parameters": {
    "FinancialOwner": {
      "defaultValue": "Unassigned",
      "type": "string",
      "metadata": {
        "description": "Financial owner and thus Accountable for resource"
      }
    },
    "Environment": {
      "defaultValue": "Development",
      "allowedValues": [ "SharedServices", "Sandbox", "Development", "Test", "Acceptance", "Production" ],
      "type": "string",
      "metadata": {
        "description": "Identify the environment in which the application is running "
      }
    },
    "OpsOwner": {
      "type": "string",
      "metadata": {
        "description": "Name of the Owner of the Azure Resource"
      }
    },
    "AppName": {
      "type": "string",
      "defaultValue": "app1",
      "maxLength": 15,
      "minLength": 2,
      "metadata": {
        "description": "The name of the application"
      }
    },
    "GWName": {
      "type": "string",
      "metadata": {
        "description": "Name of the Virtual Network Gateway "
      }
    },
    "GatewayType": {
      "type": "string",
      "defaultValue": "ExpressRoute",
      "allowedValues": [ "Vpn", "ExpressRoute" ]
    },
    "VPNType": {
      "type": "string",
      "defaultValue": "Routebased",
      "allowedValues": [ "Routebased", "Policybased" ],
      "metadata": {
        "description": "Routebased (Dynamic Gateway) or Policybased (Static Gateway)"
      }
    },
    "sku": {
      "type": "string",
      "defaultValue": "Standard",
      "allowedValues": [ "Standard", "High Performance", "Ultra Performance", "Basic", "VpnGw1", "VpnGw2", "VpnGw3" ],
      "metadata": {
        "description": "SKU of the Virtual Network Gateway. ExpressRoute: Standard, High Performance, Ultra Performance, VPN(PolicyBased): Basic, VPN(RouteBased): Basic, VpnGw1, VpnGw2, VpnGw3"
      }
    },
    "PublicIPAllocation": {
      "type": "string",
      "defaultValue": "Dynamic",
      "allowedValues": [ "Dynamic", "Static" ],
      "metadata": {
        "description": "Provide the Public IP allocation method"
      }
    },
    "ExistingVirtualNetworkName": {
      "type": "string",
      "allowedValues": [
        "vnet-ss-501",
        "vnet-ss-503",
        "vnet-sb-401",
        "vnet-d-301",
        "vnet-t-201",
        "vnet-a-101",
        "vnet-a-102",
        "vnet-a-103",
        "vnet-p-001",
        "vnet-p-002",
        "vnet-p-003"
      ],
      "metadata": {
        "description": "Existing Vnet Name"
      }
    },
    "ExistingVirtualNetworkRGName": {
      "type": "string",
      "allowedValues": [
        "rg-vnet-platform-ss-501",
        "rg-vnet-platform-ss-503",
        "rg-vnet-platform-sb-401",
        "rg-vnet-platform-d-301",
        "rg-vnet-platform-t-201",
        "rg-vnet-platform-a-101",
        "rg-vnet-platform-a-102",
        "rg-vnet-platform-a-103",
        "rg-vnet-platform-p-001",
        "rg-vnet-platform-p-002",
        "rg-vnet-platform-p-003"
      ],
      "metadata": {
        "description": "Rsource Group Name for the existing Vnet"
      }
    }
  },
    "variables": {
      "PublicIPAddressName": "[concat(parameters('GWName'), '-ip')]",
      "SubnetID": "[resourceId('Microsoft.Network/virtualNetworks/subnets/', parameters('ExistingVirtualNetworkName'),'GatewaySubnet')]"
    },
  "resources": [
    {
      "apiVersion": "2017-08-01",
      "type": "Microsoft.Network/publicIPAddresses",
      "name": "[variables('PublicIPAddressName')]",
      "location": "[resourceGroup().location]",
      "tags": {
        "Environment": "[parameters('Environment')]",
        "AppName": "[parameters('AppName')]",
        "FinancialOwner": "[parameters('FinancialOwner')]",
        "OpsOwner": "[parameters('OpsOwner')]"
      },
      "properties": {
        "publicIPAllocationMethod": "[parameters('PublicIPAllocation')]"
      }
    },
    {
      "apiVersion": "2017-06-01",
      "name": "[parameters('GWName')]",
      "type": "Microsoft.Network/virtualNetworkGateways",
      "location": "[resourceGroup().location]",
      "dependsOn": [
        "[concat('Microsoft.Network/publicIPAddresses/', variables('PublicIPAddressName'))]"
      ],
      "properties": {
        "gatewayType": "[parameters('GatewayType')]",
        "vpnType": "[parameters('vpnType')]",
        "ipConfigurations": [
          {
            "name": "default",
            "properties": {
              "privateIPAllocationMethod": "Dynamic",
              "subnet": {
                "id": "[variables('SubnetID')]"
              },
              "publicIpAddress": {
                "id": "[resourceId('Microsoft.Network/publicIPAddresses',variables('PublicIPAddressName'))]"
              }
            }
          }
        ],
        "sku": {
          "name": "[parameters('sku')]",
          "tier": "[parameters('sku')]"
        }
      }
    }
  ]
  }