{
  "$schema": "https://schema.management.azure.com/schemas/2015-01-01/deploymentParameters.json#",
  "contentVersion": "1.0.0.0",
  "parameters": {
    "FinancialOwner": {
      "value": "Sogeti-Capgemini"
    },
    "Environment": {
      "value": "SharedServices"
    },
    "OpsOwner": {
      "value": "Sogeti-Capgemini"
    },
    "AppName": {
      "value": "CloudFoundation"
    },
    "GWName": {
      "value": "ERGateway"
    },
    "GatewayType": {
      "value": "ExpressRoute"
    },
    "VPNType": {
      "value": "Policybased"
    },
    "sku": {
      "value": "Standard"
    },
    "PublicIPAllocation": {
      "value": "Dynamic"
    },
    "ExistingVirtualNetworkName": {
      "value": "vnet-ss-501"
    },
    "ExistingVirtualNetworkRGName": {
      "value": "rg-vnet-platform-ss-501"
    }
  }
}