﻿{
  "$schema": "https://schema.management.azure.com/schemas/2015-01-01/deploymentParameters.json#",
  "contentVersion": "1.0.0.0",
  "parameters": {
    "FinancialOwner": {
      "value": "Sogeti-Capgemini"
    },
    "Environment": {
      "value": "SharedServices"
    },
    "OpsOwner": {
      "value": "Sogeti-Capgemini"
    },
    "AppName": {
      "value": "CloudFoundation"
    },
    "GWName": {
      "value": "gw-vpn-p-002"
    },
    "GatewayType": {
      "value": "Vpn"
    },
    "VPNType": {
      "value": "Routebased"
    },
    "sku": {
      "value": "VpnGw1"
    },
    "PublicIPAllocation": {
      "value": "Dynamic"
    },
    "ExistingVirtualNetworkName": {
      "value": "vnet-p-003"
    },
    "ExistingVirtualNetworkRGName": {
      "value": "rg-vnet-platform-p-003"
    }
  }
}