﻿{
  "$schema": "https://schema.management.azure.com/schemas/2015-01-01/deploymentParameters.json#",
  "contentVersion": "1.0.0.0",
  "parameters": {
    "FinancialOwner": {
      "value": "Sogeti-Capgemini"
    },
    "Environment": {
      "value": "Acceptance"
    },
    "OpsOwner": {
      "value": "Sogeti-Capgemini"
    },
    "AppName": {
      "value": "CloudFoundation"
    },
    "GWName": {
      "value": "gw-vpn-a-102"
    },
    "GatewayType": {
      "value": "Vpn"
    },
    "VPNType": {
      "value": "Routebased"
    },
    "sku": {
      "value": "VpnGw1"
    },
    "PublicIPAllocation": {
      "value": "Dynamic"
    },
    "ExistingVirtualNetworkName": {
      "value": "vnet-a-103"
    },
    "ExistingVirtualNetworkRGName": {
      "value": "rg-vnet-platform-a-103"
    }
  }
}