﻿{
  "$schema": "https://schema.management.azure.com/schemas/2015-01-01/deploymentParameters.json#",
  "contentVersion": "1.0.0.0",
  "parameters": {
    "FinancialOwner": {
      "value": "BTO"
    },
    "Environment": {
      "value": "Production"
    },
    "OpsOwner": {
      "value": "CloudFoundationTeam"
    },
    "DName": {
      "value": "p"
    },
    "Zone": {
      "value": "af"
    },
    "AppName": {
      "value": "tm1"
    },
    "NSGProperties": {
      "value": {
        "SecurityRules": [
          {
            "name": "ALLOW_INTERNET_OUT",
            "properties": {
              "description": "Allow outbound traffic from all VMs to Internet",
              "protocol": "*",
              "access": "Allow",
              "priority": 101,
              "direction": "Outbound",
              "sourcePortRange": "*",
              "destinationPortRange": "*",
              "sourceAddressPrefix": "*",
              "destinationAddressPrefix": "Internet",
              "sourcePortRanges": [],
              "destinationPortRanges": [],
              "sourceAddressPrefixes": [],
              "destinationAddressPrefixes": []
            }
          },
          {
            "name": "ALLOW_JUMPBOX_IN",
            "properties": {
              "description": "Allo RDP from the Source",
              "protocol": "*",
              "access": "Allow",
              "priority": 201,
              "direction": "Inbound",
              "sourcePortRange": "*",
              "destinationPortRange": "*",
              "sourceAddressPrefix": "10.75.0.64/28",
              "destinationAddressPrefix": "10.75.128.96/28",
              "sourcePortRanges": [],
              "destinationPortRanges": [],
              "sourceAddressPrefixes": [],
              "destinationAddressPrefixes": []
            }
          },
          {
            "name": "ALLOW_LOCALNET_IN",
            "properties": {
              "protocol": "*",
              "access": "Allow",
              "priority": 202,
              "direction": "Inbound",
              "sourcePortRange": "*",
              "destinationPortRange": "*",
              "sourceAddressPrefix": "10.75.128.96/28",
              "destinationAddressPrefix": "10.75.128.96/28",
              "sourcePortRanges": [],
              "destinationPortRanges": [],
              "sourceAddressPrefixes": [],
              "destinationAddressPrefixes": []
            }
          },
          {
            "name": "ALLOW_RDP_IN",
            "properties": {
              "protocol": "TCP",
              "access": "Allow",
              "priority": 203,
              "direction": "Inbound",
              "sourcePortRange": "*",
              "destinationPortRange": "3389",
              "destinationAddressPrefix": "10.75.128.96/28",
              "sourcePortRanges": [],
              "destinationPortRanges": [],
              "sourceAddressPrefixes": [
                "10.120.0.0/14",
                "10.128.0.0/20"
              ],
              "destinationAddressPrefixes": [],
              "sourceAddressPrefix": ""
            }
          },
          {
            "name": "ALLOW_DCOP_IN",
            "properties": {
              "description": "Allo RDP from the Source",
              "protocol": "*",
              "access": "Allow",
              "priority": 204,
              "direction": "Inbound",
              "sourcePortRange": "*",
              "destinationPortRange": "*",
              "sourceAddressPrefix": "10.75.0.128/28",
              "destinationAddressPrefix": "10.75.128.96/28",
              "sourcePortRanges": [],
              "destinationPortRanges": [],
              "sourceAddressPrefixes": [],
              "destinationAddressPrefixes": []
            }
          },
          {
            "name": "ALLOW_TM1",
            "properties": {
              "protocol": "TCP",
              "access": "Allow",
              "priority": 205,
              "direction": "Inbound",
              "sourcePortRange": "*",
              "destinationAddressPrefix": "10.75.128.96/28",
              "sourcePortRanges": [],
              "destinationPortRanges": ["9510", "5001", "5002", "5498", "20156", "20157", "20160", "28751" ],
              "sourceAddressPrefixes": [
                "10.120.0.0/14",
                "10.128.0.0/20",
                "10.128.220.0/22"
              ],
              "destinationAddressPrefixes": [],
              "sourceAddressPrefix": "",
              "destinationPortRange": ""
            }
          },
          {
            "name": "DENY_ALL_IN",
            "properties": {
              "description": "Deny all inbound traffic",
              "protocol": "*",
              "access": "Deny",
              "priority": 4096,
              "direction": "Inbound",
              "sourcePortRange": "*",
              "destinationPortRange": "*",
              "sourceAddressPrefix": "*",
              "destinationAddressPrefix": "*",
              "sourcePortRanges": [],
              "destinationPortRanges": [],
              "sourceAddressPrefixes": [],
              "destinationAddressPrefixes": []
            }
          }
        ]
      }
    }
  }
}