{
    "$schema": "https://schema.management.azure.com/schemas/2015-01-01/deploymentParameters.json#",
    "contentVersion": "1.0.0.0",
    "parameters": {
      "FinancialOwner": {
        "value": "Sogeti-Capgemini"
      },
      "Environment": {
        "value": "Acceptance"
      },
      "OpsOwner": {
        "value": "Sogeti-Capgemini"
      },
      "DName": {
        "value": "a"
      },
      "DNo": {
        "value": "101"
      },
      "AppName": {
        "value": "dcop"
      },
      "KeysPermissions": {
        "value": [ "Get", "List", "Update", "Create", "Import", "Delete", "Recover", "Backup", "Restore" ]
      },
      "SecretsPermissions": {
        "value": [ "Get", "List", "Set", "Delete", "Recover", "Backup", "Resotre" ]
      },
      "SKUName": {
        "value": "Standard"
      },
      "EnableForTemplateDeployment": {
        "value": true
      },
      "EnableVaultForDeployment": {
        "value": false
      },
      "EnableVaultForDiskEncryption": {
        "value": false
      }
     }
    }