{
  "$schema": "http://schema.management.azure.com/schemas/2015-01-01/deploymentParameters.json#",
  "contentVersion": "1.0.0.0",
  "parameters": {
    "FinancialOwner": {
      "value": "gilbert"
    },
    "Environment": {
      "value": "Test"
    },
    "OpsOwner": {
      "value": "gilbert"
    },
    "AppName": {
      "value": "backup"
    },
    "recoveryvaultName":{
      "value": "vault-d"
    },
    "policyName": {
        "value": "WeeklyBackupPolicy2"
    },
    "scheduleRunDays": {
        "value": [ "Sunday", "Tuesday", "Thursday" ]
    },
    "scheduleRunTimes": {
        "value": [ "2018-09-21T05:30:00Z" ]
    },
    "timeZone": {
        "value": "UTC"
    },
    "weeklyRetentionDurationCount": {
        "value": 104
    },
    "daysOfTheWeekForMontlyRetention": {
        "value": [ "Sunday", "Tuesday" ]
    },
    "weeksOfTheMonthForMonthlyRetention": {
        "value": [ "First", "Third" ]
    },
    "monthlyRetentionDurationCount": {
        "value": 60
    },
    "monthsOfYear": {
        "value": [ "January", "March", "August" ]
    },
    "daysOfTheWeekForYearlyRetention": {
        "value": [ "Sunday", "Tuesday" ]
    },
    "weeksOfTheMonthForYearlyRetention": {
        "value": [ "First", "Third" ]
    },
    "yearlyRetentionDurationCount": {
        "value": 10
    }
  }
}