﻿{
  "$schema": "http://schema.management.azure.com/schemas/2015-01-01/deploymentParameters.json#",
  "contentVersion": "1.0.0.0",
  "parameters": {
    "FinancialOwner": {
      "value": "Sogeti-Capgemini"
    },
    "Environment": {
      "value": "Acceptance"
    },
    "OpsOwner": {
      "value": "Sogeti-Capgemini"
    },
    "AppName": {
      "value": "backup"
    },
    "recoveryvaultName": {
      "value": "vault-a"
    },
    "policyName": {
      "value": "Weekly-full-backup-14days-retention"
    },
    "scheduleRunDays": {
      "value": [ "Sunday", "Tuesday", "Friday" ]
    },
    "scheduleRunTimes": {
      "value": [ "2018-09-21T01:00:00Z" ]
    },
    "timeZone": {
      "value": "UTC"
    },
    "weeklyRetentionDurationCount": {
      "value": 14
    },
    "daysOfTheWeekForMontlyRetention": {
      "value": [ "Sunday", "Tuesday" ]
    },
    "weeksOfTheMonthForMonthlyRetention": {
      "value": [ "First", "Third" ]
    },
    "monthlyRetentionDurationCount": {
      "value": 60
    },
    "monthsOfYear": {
      "value": [ "January", "March", "August" ]
    },
    "daysOfTheWeekForYearlyRetention": {
      "value": [ "Sunday", "Tuesday" ]
    },
    "weeksOfTheMonthForYearlyRetention": {
      "value": [ "First", "Third" ]
    },
    "yearlyRetentionDurationCount": {
      "value": 10
    }
  }
}