{
    "$schema": "https://schema.management.azure.com/schemas/2015-01-01/deploymentParameters.json#",
    "contentVersion": "1.0.0.0",
    "parameters": {
      "_artifactsLocation": {
        "value": null
      },
      "_artifactsLocationSasToken": {
        "value": null
      },
      "FinancialOwner": {
        "value": "Sogeti-Capgemini"
      },
      "Environment": {
        "value": "Production"
      },
      "OpsOwner": {
        "value": "Sogeti-Capgemini"
      },
      "Purpose": {
        "value": "platform"
      },
      "DName": {
        "value": "p"
      },
      "DNo": {
        "value": "001"
      },
      "Zone": {
        "value": "mm"
      },
      "AppName": {
        "value": "nessus"
      },
      "ExistingVirtualNetworkName": {
        "value": "vnet-p-001"
      },
      "ExistingVirtualNetworkRGName": {
        "value": "rg-vnet-platform-p-001"
      },
      "ExistingSubnetName": {
        "value": "subnet-mmnessus-p"
      },
      "ExistingKeyvaultName": {
        "value": "keyvault-aadap-p-001"
      },
      "ExistingKeyvaultRGName": {
        "value": "rg-aadap-platform-p-001"
      },
      "ExistingStorageAccountName": {
        "value": "storagediagp"
      },
      "AdminUsername": {
        "value": "enecoadmin"
      },
      "AvailabilitySet": {
        "value": "Yes"
      },
      "OSType": {
        "value": "Linux"
      },

      "VMSize": {
        "value": "Standard_B2MS"
      },
      "DataDiskSize": {
        "value": 100
      },
      "PublicIPAddress": {
        "value": "Static"
      },
      "WorkspaceRG": {
        "value": "rg-oms-platform-p-001"
      },
      "WorkspaceName": {
        "value": "oms-servicenow-p-001"
      },
      "BackupEnable": {
        "value": "Yes"
      },
      "BackupVaultRGName": {
        "value": "rg-backup-platform-p-001"
      },
      "BackupVaultName": {
        "value": "vault-p"
      },
      "BackupFabricName": {
        "value": "Azure"
      },
      "BackupPolicyName": {
        "value": "DefaultPolicy"
      },
      "Daily Power On/Off Schedule": {
        "value": "No"
      },
      "PowerOnSchedule": {
        "value": 6
      },
      "PowerOffSchedule": {
        "value": 19
      }
    }
  }