{
  "$schema": "https://schema.management.azure.com/schemas/2015-01-01/deploymentTemplate.json#",
  "contentVersion": "1.0.0.0",
  "parameters": {
    "_artifactsLocation": {
      "type": "string"
    },
    "_artifactsLocationSasToken": {
      "type": "string"
    },

    "OSType": {
      "type": "string",
      "defaultValue": "Linux",
      "allowedValues": [ "Windows", "Linux", "tenable" ],
      "metadata": {
        "description": "Indicator for a high available setup type"
      }
    },

    "FinancialOwner": {
      "defaultValue": "Unassigned",
      "type": "string",
      "metadata": {
        "description": "Financial owner and thus Accountable for resource"
      }
    },
    "Environment": {
      "defaultValue": "Development",
      "allowedValues": [ "SharedServices", "Sandbox", "Development", "Test", "Acceptance", "Production" ],
      "type": "string",
      "metadata": {
        "description": "Identify the environment in which the application is running "
      }
    },
    "OpsOwner": {
      "type": "string",
      "metadata": {
        "description": "Name of the Owner of the Azure Resource"
      }
    },
    "Purpose": {
      "type": "string",
      "defaultValue": "app",
      "maxLength": 8,
      "minLength": 3,
      "allowedValues": [ "app", "core", "platform" ],
      "metadata": {
        "description": "Purpose of the VM"
      }
    },
    "DName": {
      "defaultValue": "ss",
      "allowedValues": [ "ss", "sb", "d", "t", "a", "p" ],
      "minLength": 1,
      "maxLength": 2,
      "type": "string",
      "metadata": {
        "description": "The name of the environment within DTAP."
      }
    },
    "DNo": {
      "defaultValue": "501",
      "type": "string",
      "metadata": {
        "description": "The Dno indicates the number of the application among the environments"
      }
    },
    "Zone": {
      "type": "string",
      "defaultValue": "mm",
      "allowedValues": [ "af", "ab", "db", "mm" ],
      "maxLength": 2,
      "minLength": 1,
      "metadata": {
        "description": "Role of the VM"
      }
    },
    "AppName": {
      "type": "string",
      "defaultValue": "app1",
      "maxLength": 15,
      "minLength": 2,
      "metadata": {
        "description": "The name of the application"
      }
    },
    "ExistingVirtualNetworkName": {
      "type": "string",
      "allowedValues": [
        "vnet-ss-501",
        "vnet-sb-401",
        "vnet-d-301",
        "vnet-t-201",
        "vnet-a-101",
        "vnet-a-102",
        "vnet-p-001",
        "vnet-p-002"
      ],
      "metadata": {
        "description": "Existing Vnet Name"
      }
    },
    "ExistingVirtualNetworkRGName": {
      "type": "string",
      "allowedValues": [
        "rg-vnet-platform-ss-501",
        "rg-vnet-platform-sb-401",
        "rg-vnet-platform-d-301",
        "rg-vnet-platform-t-201",
        "rg-vnet-platform-a-101",
        "rg-vnet-platform-a-102",
        "rg-vnet-platform-p-001",
        "rg-vnet-platform-p-002"
      ],
      "metadata": {
        "description": "Rsource Group Name for the existing Vnet"
      }
    },
    "ExistingSubnetName": {
      "type": "string",
      "metadata": {
        "description": "The name of Subnet in VNet"
      }
    },
    "ExistingKeyvaultName": {
      "type": "string",
      "metadata": {
        "description": "The name of Keyvault of VM"
      }
    },
    "ExistingKeyvaultRGName": {
      "type": "string",
      "metadata": {
        "description": "Rsource Group Name for the existing Keyvault"
      }
    },
    "ExistingStorageAccountName": {
      "type": "string",
      "defaultValue": "storagediagsb",
      "metadata": {
        "description": "Select the storage account for the Boot Diagnostics"
      }
    },
    "AdminUsername": {
      "defaultValue": "enecoadmin",
      "type": "string",
      "metadata": {
        "description": "Name of the local admin account for the Virtual Machine."
      }
    },
    "AvailabilitySet": {
      "type": "string",
      "defaultValue": "No",
      "allowedValues": [ "Yes", "No" ],
      "metadata": {
        "description": "Indicator for a high available setup type"
      }
    },
    "VMSize": {
      "type": "string",
      "defaultValue": "Standard_A0",
      "allowedValues": [ "Standard_A0", "Standard_A1", "Standard_A2", "Standard_A3", "Standard_A4", "Standard_B2MS", "Standard_D2s_v3" ],
      "metadata": {
        "description": "Define the VMSize for the VM."
      }
    },
    "DataDiskSize": {
      "defaultValue": 1023,
      "type": "int",
      "minValue": 100,
      "metadata": {
        "description": "Data Disk size in GB"
      }
    },
    "PublicIPAddress": {
      "defaultValue": "None",
      "type": "string",
      "allowedValues": [
        "None",
        "Dynamic",
        "Static"
      ],
      "metadata": {
        "description": "Public IP address allocation"
      }
    },
    "Daily Power On/Off Schedule": {
      "type": "string",
      "defaultValue": "No",
      "allowedValues": [ "Yes", "No" ],
      "metadata": {
        "description": "Please select if server needs to be included in daily power on/off schedule"
      }
    },
    "PowerOnSchedule": {
      "type": "int",
      "defaultValue": 7,
      "allowedValues": [ 5, 6, 7, 8 ],
      "metadata": {
        "description": "Types of Backup policy"
      }
    },
    "PowerOffSchedule": {
      "type": "int",
      "defaultValue": 18,
      "allowedValues": [ 17, 18, 19, 20, 21, 22 ],
      "metadata": {
        "description": "Types of Backup policy"
      }
    },
    "WorkspaceRG": {
      "type": "string",
      "defaultValue": "rg-oms-platform-sbdt-601",
      "allowedValues": [
        "rg-oms-platform-ss-501",
        "rg-oms-platform-sbdt-601",
        "rg-oms-platform-a-101",
        "rg-oms-platform-p-001"
      ],
      "metadata": {
        "description": "The name of the OMS workpsace Resource Group"
      }
    },
    "WorkspaceName": {
      "type": "string",
      "defaultValue": "automation-sbdt-601",
      "allowedValues": [
        "oms-servicenow-ss-501",
        "oms-servicenow-sbdt-601",
        "oms-servicenow-a-101",
        "oms-servicenow-p-001"
      ],
      "metadata": {
        "description": "The name of the OMS workpsace"
      }
    },
    "BackupEnable": {
      "type": "string",
      "defaultValue": "Yes",
      "allowedValues": [ "Yes", "No" ],
      "metadata": {
        "description": "The condition for Backup enable and disable"
      }
    },
    "BackupVaultRGName": {
      "type": "string",
      "defaultValue": "rg-backup-platform-sbdt-601",
      "allowedValues": [
        "rg-backup-platform-ss-501",
        "rg-backup-platform-sbdt-601",
        "rg-backup-platform-a-101",
        "rg-backup-platform-p-001"
      ],
      "metadata": {
        "description": "Resource group of the backup vault"
      }
    },
    "BackupVaultName": {
      "type": "string",
      "defaultValue": "vault-sbdt",
      "allowedValues": [
        "vault-ss",
        "vault-sbdt",
        "vault-a",
        "vault-p"
      ],
      "metadata": {
        "description": "Name of the Backup Vault"
      }
    },
    "BackupFabricName": {
      "type": "string",
      "defaultValue": "Azure"
    },
    "BackupPolicyName": {
      "type": "string",
      "defaultValue": "DefaultPolicy",
      "metadata": {
        "description": "Types of Backup policy"
      }
    }
  },
    "variables": {
      "NicDeployName": "[concat(parameters('Zone'),parameters('AppName'),'-',parameters('DNo'),'-nic')]",
      "VMDeployName": "[concat(parameters('Zone'),parameters('AppName'),'-',parameters('DNo'))]"
    },
    "resources": [
      {
        "type": "Microsoft.Resources/deployments",
        "name": "[variables('NicDeployName')]",
        "apiVersion": "2016-02-01",
        "properties": {
          "mode": "Incremental",
          "templateLink": {
            "uri": "[concat(parameters('_artifactsLocation'), '/Azure_VM_OMS_Backup/Microsoft.Network/NIC.json', parameters('_artifactsLocationSasToken'))]",
            "contentVersion": "1.0.0.0"
          },
          "parameters": {
            "FinancialOwner": {
              "value": "[parameters('FinancialOwner')]"
            },
            "Environment": {
              "value": "[parameters('Environment')]"
            },
            "OpsOwner": {
              "value": "[parameters('OpsOwner')]"
            },
            "DNo": {
              "value": "[parameters('DNo')]"
            },
            "Zone": {
              "value": "[parameters('Zone')]"
            },
            "AppName": {
              "value": "[parameters('AppName')]"
            },
            "ExistingVirtualNetworkName": {
              "value": "[parameters('ExistingVirtualNetworkName')]"
            },
            "ExistingVirtualNetworkRGName": {
              "value": "[parameters('ExistingVirtualNetworkRGName')]"
            },
            "ExistingSubnetName": {
              "value": "[parameters('ExistingSubnetName')]"
            },
            "PublicIPAddress": {
              "value": "[parameters('PublicIPAddress')]"
            }
          }
        }
      },
      {
        "type": "Microsoft.Resources/deployments",
        "name": "[variables('VMDeployName')]",
        "apiVersion": "2017-05-10",
        "properties": {
          "mode": "Incremental",
          "templateLink": {
           "uri": "[concat(parameters('_artifactsLocation'),'/Nessus/Microsoft.Compute/VM.json', parameters('_artifactsLocationSasToken'))]",
            "contentVersion": "1.0.0.0"
          },
          "parameters": {
            "FinancialOwner": {
              "value": "[parameters('FinancialOwner')]"
            },
            "Environment": {
              "value": "[parameters('Environment')]"
            },
            "OpsOwner": {
              "value": "[parameters('OpsOwner')]"
            },
            "DName": {
              "value": "[parameters('DName')]"
            },
            "DNo": {
              "value": "[parameters('DNo')]"
            },
            "Zone": {
              "value": "[parameters('Zone')]"
            },
            "AppName": {
              "value": "[parameters('AppName')]"
            },
            "OSType": {
              "value": "[parameters('OSType')]"
            },
            "ExistingStorageAccountName": {
              "value": "[parameters('ExistingStorageAccountName')]"
            },
            "AdminUsername": {
              "value": "[parameters('AdminUsername')]"
            },
            "AdminPassword": {
              "reference": {
                "keyVault": {
                  "id": "[concat(subscription().id,'/resourceGroups/', parameters('ExistingKeyvaultRGName'),'/providers/Microsoft.KeyVault/vaults/',parameters('ExistingKeyvaultName'))]"
                },
                "secretName": "EnecoAdmin"
              }
            },
            "AvailabilitySet": {
              "value": "[parameters('AvailabilitySet')]"
            },
            "VMSize": {
              "value": "[parameters('VMSize')]"
            },
            "DataDiskSize": {
              "value": "[parameters('DataDiskSize')]"
            },
            "Daily Power On/Off Schedule": {
              "value": "[parameters('Daily Power On/Off Schedule')]"
            },
            "PowerOnSchedule": {
              "value": "[parameters('PowerOnSchedule')]"
            },
            "PowerOffSchedule": {
              "value": "[parameters('PowerOffSchedule')]"
            },
            "WorkspaceRG": {
              "value": "[parameters('WorkspaceRG')]"
            },
            "WorkspaceName": {
              "value": "[parameters('WorkspaceName')]"
            },
            "BackupEnable": {
              "value": "[parameters('BackupEnable')]"
            },
            "BackupVaultRGName": {
              "value": "[parameters('BackupVaultRGName')]"
            },
            "BackupVaultName": {
              "value": "[parameters('BackupVaultName')]"
            },
            "BackupFabricName": {
              "value": "[parameters('BackupFabricName')]"
            },
            "BackupPolicyName": {
              "value": "[parameters('BackupPolicyName')]"
            }
          }
        },
        "dependsOn": [
          "[variables('NicDeployName')]"
        ]
      }
    ]
  }