{
  "$schema": "https://schema.management.azure.com/schemas/2015-01-01/deploymentParameters.json#",
  "contentVersion": "1.0.0.0",
  "parameters": {
    "_artifactsLocation": {
      "value": null
    },
    "_artifactsLocationSasToken": {
      "value": null
    },
    "FinancialOwner": {
      "value": "Sogeti-Capgemini"
    },
    "Environment": {
      "value": "Acceptance"
    },
    "OpsOwner": {
      "value": "Sogeti-Capgemini"
    },
    "Purpose": {
      "value": "platform"
    },
    "DName": {
      "value": "a"
    },
    "DNo": {
      "value": "101"
    },
    "Zone": {
      "value": "mm"
    },
    "AppName": {
      "value": "nessus"
    },
    "ExistingVirtualNetworkName": {
      "value": "vnet-a-101"
    },
    "ExistingVirtualNetworkRGName": {
      "value": "rg-vnet-platform-a-101"
    },
    "ExistingSubnetName": {
      "value": "subnet-mmnessus-a"
    },
    "ExistingKeyvaultName": {
      "value": "keyvault-nessus-a-101"
    },
    "ExistingKeyvaultRGName": {
      "value": "rg-nessus-platform-a-101"
    },
    "ExistingStorageAccountName": {
      "value": "storagediaga"
    },
    "AdminUsername": {
      "value": "enecoadmin"
    },
    "AvailabilitySet": {
      "value": "Yes"
    },
    "OSType": {
      "value": "tenable"
    },
    "OSVersion": {
      "value": "tenablecorenessusbyol"
    },

    "VMSize": {
      "value": "Standard_B2MS"
    },
    "DataDiskSize": {
      "value": 100
    },
    "PublicIPAddress": {
      "value": "Static"
    },
    "WorkspaceRG": {
      "value": "rg-oms-platform-a-101"
    },
    "WorkspaceName": {
      "value": "oms-servicenow-a-101"
    },
    "BackupEnable": {
      "value": "Yes"
    },
    "BackupVaultRGName": {
      "value": "rg-backup-platform-a-101"
    },
    "BackupVaultName": {
      "value": "vault-a"
    },
    "BackupFabricName": {
      "value": "Azure"
    },
    "BackupPolicyName": {
      "value": "DefaultPolicy"
    },
    "Daily Power On/Off Schedule": {
      "value": "No"
    },
    "PowerOnSchedule": {
      "value": 6
    },
    "PowerOffSchedule": {
      "value": 19
    },
    "offer": {
      "value": "tenablecorenessus"
    },
    "typeHandlerVersion": {
      "value": "1.6"
    },
    "OMS": {
      "value": "OmsAgentForLinux"
    }
  }
}