﻿{
  "$schema": "https://schema.management.azure.com/schemas/2015-01-01/deploymentTemplate.json#",
  "contentVersion": "1.0.0.0",
  "parameters": {
    "FinancialOwner": {
      "defaultValue": "Sogeti-Capgemini",
      "type": "string",
      "metadata": {
        "description": "Financial owner and thus Accountable for resource"
      }
    },
    "Environment": {
      "defaultValue": "SharedServices",
      "allowedValues": [ "SharedServices", "Sandbox", "Development", "Test", "Acceptance", "Production" ],
      "type": "string",
      "metadata": {
        "description": "Identify the environment in which the application is running "
      }
    },
    "OpsOwner": {
      "type": "string",
      "defaultValue": "Sogeti-Capgemini",
      "metadata": {
        "description": "Name of the Owner of the Azure Resource"
      }
    },
    "AppName": {
      "type": "string",
      "defaultValue": "app1",
      "maxLength": 15,
      "minLength": 2,
      "metadata": {
        "description": "The name of the application"
      }
    },
    "DName": {
      "defaultValue": "ss",
      "allowedValues": [ "ss", "sb", "d", "t", "a", "p" ],
      "minLength": 1,
      "maxLength": 2,
      "type": "string",
      "metadata": {
        "description": "The name of the environment within DTAP."
      }
    },
    "DNo": {
      "defaultValue": "501",
      "type": "string",
      "metadata": {
        "description": "The Dno indicates the number of the application among the environments"
      }
    },
    "Zone": {
      "type": "string",
      "defaultValue": "mm",
      "allowedValues": [ "af", "ab", "db", "mm" ],
      "maxLength": 2,
      "minLength": 1,
      "metadata": {
        "description": "Role of the VM"
      }
    },
    "ExistingStorageAccountName": {
      "type": "string",
      "defaultValue": "storagediagss",
      "metadata": {
        "description": "Select the storage account for the Boot Diagnostics"
      }
    },
    "AdminUsername": {
      "defaultValue": "enecoadmin",
      "type": "string",
      "metadata": {
        "description": "Name of the local admin account for the Virtual Machine."
      }
    },
    "AdminPassword": {
      "type": "securestring",
      "metadata": {
        "description": "Passowrd local admin account of the Virtual Machine."
      }
    },
    "AvailabilitySet": {
      "type": "string",
      "defaultValue": "No",
      "allowedValues": [ "Yes", "No" ],
      "metadata": {
        "description": "Indicator for a high available setup type"
      }
    },
    "OSVersion": {
      "type": "string",
      "defaultValue": "2012-R2-Datacenter",
      "metadata": {
        "description": "OS version of the machine."
      }
    },
    "VMName": {
      "type": "string",
      "metadata": {
        "description": "Name for the Virtual Machine."
      }
    },
    "VMSize": {
      "type": "string",
      "defaultValue": "Standard_DS2_v2",
      "metadata": {
        "description": "Define the VMSize for the VM."
      }
    },
    "DataDisk1Size": {
      "defaultValue": 64,
      "type": "int",
      "metadata": {
        "description": "Data Disk size in GB"
      }
    },
    "DataDisk2Size": {
      "defaultValue": 128,
      "type": "int",
      "metadata": {
        "description": "Data Disk size in GB"
      }
    },
    "Daily_Power_OnOff_Schedule": {
      "type": "string",
      "defaultValue": "No",
      "allowedValues": [ "Yes", "No" ],
      "metadata": {
        "description": "Please select if server needs to be included in daily power on/off schedule"
      }
    },
    "PowerOnSchedule": {
      "type": "int",
      "defaultValue": 7,
      "allowedValues": [ 5, 6, 7, 8 ],
      "metadata": {
        "description": "Types of Backup policy"
      }
    },
    "PowerOffSchedule": {
      "type": "int",
      "defaultValue": 18,
      "allowedValues": [ 17, 18, 19, 20, 21, 22 ],
      "metadata": {
        "description": "Types of Backup policy"
      }
    },
    "WorkspaceRG": {
      "type": "string",
      "defaultValue": "rg-oms-platform-sbdt-601",
      "allowedValues": [
        "rg-oms-platform-ss-501",
        "rg-oms-platform-sbdt-601",
        "rg-oms-platform-a-101",
        "rg-oms-platform-p-001"
      ],
      "metadata": {
        "description": "The name of the OMS workpsace Resource Group"
      }
    },
    "WorkspaceName": {
      "type": "string",
      "defaultValue": "automation-sbdt-601",
      "allowedValues": [
        "oms-servicenow-ss-501",
        "oms-servicenow-sbdt-601",
        "oms-servicenow-a-101",
        "oms-servicenow-p-001"
      ],
      "metadata": {
        "description": "The name of the OMS workpsace"
      }
    },
    "BackupEnable": {
      "type": "string",
      "defaultValue": "Yes",
      "allowedValues": [ "Yes", "No" ],
      "metadata": {
        "description": "The condition for Backup enable and disable"
      }
    },
    "BackupVaultRGName": {
      "type": "string",
      "defaultValue": "rg-backup-platform-sbdt-601",
      "allowedValues": [
        "rg-backup-platform-ss-501",
        "rg-backup-platform-sbdt-601",
        "rg-backup-platform-a-101",
        "rg-backup-platform-p-001"
      ],
      "metadata": {
        "description": "Resource group of the backup vault"
      }
    },
    "BackupVaultName": {
      "type": "string",
      "defaultValue": "vault-sbdt",
      "allowedValues": [
        "vault-ss",
        "vault-sbdt",
        "vault-a",
        "vault-p"
      ],
      "metadata": {
        "description": "Name of the Backup Vault"
      }
    },
    "BackupFabricName": {
      "type": "string",
      "defaultValue": "Azure"
    },
    "BackupPolicyName": {
      "type": "string",
      "defaultValue": "DefaultPolicy",
      "metadata": {
        "description": "Types of Backup policy"
      }
    }
  },
  "variables": {
    "NICName": "[concat(parameters('VMName'), '-nic')]",
    "availabilitySetName": "[concat(parameters('zone'),parameters('AppName'),'-',parameters('dname'))]",
    "BackupItemName": "[concat('vm;iaasvmcontainerv2;',resourceGroup().name,';',parameters('VMName'))]",
    "availabilitySetID": {
      "id": "[resourceId('Microsoft.Compute/availabilitySets',variables('availabilitySetName'))]"
    }
  },
  "resources": [
    {
      "condition": "[equals(parameters('AvailabilitySet'),'Yes')]",
      "type": "Microsoft.Compute/availabilitySets",
      "name": "[variables('availabilitySetName')]",
      "apiVersion": "2017-03-30",
      "location": "[resourceGroup().location]",
      "tags": {
        "Environment": "[parameters('Environment')]",
        "AppName": "[parameters('AppName')]",
        "FinancialOwner": "[parameters('FinancialOwner')]",
        "OpsOwner": "[parameters('OpsOwner')]"
      },
      "properties": {
        "platformFaultDomainCount": 2,
        "platformUpdateDomainCount": 3
      },
      "sku": {
        "name": "Aligned"
      }
    },
    {
      "apiVersion": "2017-03-30",
      "type": "Microsoft.Compute/virtualMachines",
      "name": "[parameters('VMName')]",
      "location": "[resourceGroup().location]",
      "tags": {
        "Environment": "[parameters('Environment')]",
        "AppName": "[parameters('AppName')]",
        "FinancialOwner": "[parameters('FinancialOwner')]",
        "OpsOwner": "[parameters('OpsOwner')]",
        "ServerRole": "[parameters('Zone')]",
        "Poweronschedule": "[if(equals(parameters('Daily_Power_OnOff_Schedule'), 'Yes'), parameters('PowerOnSchedule'), 'None')]",
        "Poweroffschedule": "[if(equals(parameters('Daily_Power_OnOff_Schedule'), 'Yes'), parameters('PowerOffSchedule'), 'None')]"
      },
      "dependsOn": [
        "[variables('availabilitySetName')]"
      ],
      "properties": {
        "hardwareProfile": {
          "vmSize": "[parameters('VMSize')]"
        },
        "osProfile": {
          "computerName": "[parameters('VMName')]",
          "adminUsername": "[parameters('AdminUsername')]",
          "adminPassword": "[parameters('AdminPassword')]"
        },
        "storageProfile": {
          "dataDisks": [
            {
              "diskSizeGB": "[parameters('DataDisk1Size')]",
              "lun": 0,
              "createOption": "Empty",
              "managedDisk": {
                "storageAccountType": "Premium_LRS"
              }
            },
            {
              "diskSizeGB": "[parameters('DataDisk2Size')]",
              "lun": 1,
              "createOption": "Empty",
              "managedDisk": {
                "storageAccountType": "Standard_LRS"
              }
            }
          ],
          "imageReference": {
            "publisher": "MicrosoftWindowsServer",
            "offer": "WindowsServer",
            "Sku": "[parameters('OSVersion')]",
            "version": "latest"
          },
          "osDisk": {
            "createOption": "FromImage"
          }
        },
        "diagnosticsProfile": {
          "bootDiagnostics": {
            "enabled": true,
            "storageUri": "[concat('http://', parameters('ExistingStorageAccountName'),'.blob.core.windows.net')]"
          }
        },
        "networkProfile": {
          "networkInterfaces": [
            {
              "id": "[resourceId('Microsoft.Network/networkInterfaces',variables('NicName'))]"
            }
          ]
        },
        "availabilitySet": "[if(not(equals(parameters('availabilitySet'),'No')),variables('availabilitySetID'), json('null'))]"
      },
      "resources": [
        {
          "name": "Microsoft.EnterpriseCloud.Monitoring",
          "type": "extensions",
          "location": "[resourceGroup().location]",
          "apiVersion": "2017-03-30",
          "dependsOn": [
            "[resourceId('Microsoft.Compute/virtualMachines', parameters('VMName'))]"
          ],
          "tags": {
            "Environment": "[parameters('Environment')]",
            "AppName": "[parameters('AppName')]",
            "FinancialOwner": "[parameters('FinancialOwner')]",
            "OpsOwner": "[parameters('OpsOwner')]"
          },
          "properties": {
            "publisher": "Microsoft.EnterpriseCloud.Monitoring",
            "type": "MicrosoftMonitoringAgent",
            "typeHandlerVersion": "1.0",
            "autoUpgradeMinorVersion": true,
            "settings": {
              "workspaceId": "[reference(resourceId(parameters('WorkspaceRG'),'Microsoft.OperationalInsights/workspaces/', parameters('WorkspaceName')), '2015-03-20').customerId]"
            },
            "protectedSettings": {
              "workspaceKey": "[listKeys(resourceId(parameters('WorkspaceRG'),'Microsoft.OperationalInsights/workspaces/', parameters('WorkspaceName')), '2015-03-20').primarySharedKey]"
            }
          }
        }
      ]
    },
    {
      "apiVersion": "2017-05-10",
      "condition": "[equals(parameters('backupEnable'),'Yes')]",
      "name": "[concat(parameters('VMName'), '-' , 'BackupIntent')]",
      "type": "Microsoft.Resources/deployments",
      "resourceGroup": "[parameters('BackupVaultRGName')]",
      "properties": {
        "mode": "Incremental",
        "template": {
          "$schema": "https://schema.management.azure.com/schemas/2015-01-01/deploymentTemplate.json#",
          "contentVersion": "1.0.0.0",
          "resources": [
            {
              "name": "[concat(parameters('BackupVaultName'), '/', parameters('BackupFabricName'), '/', variables('BackupItemName'))]",
              "apiVersion": "2017-07-01",
              "type": "Microsoft.RecoveryServices/vaults/backupFabrics/backupProtectionIntent",
              "properties": {
                "friendlyName": "[concat(parameters('VMName'), 'BackupIntent')]",
                "protectionIntentItemType": "AzureResourceItem",
                "policyId": "[resourceId(parameters('BackupVaultRGName'), 'Microsoft.RecoveryServices/vaults/backupPolicies', parameters('BackupVaultName'), parameters('BackupPolicyName'))]",
                "sourceResourceId": "[resourceId('Microsoft.Compute/virtualMachines', parameters('VMName'))]"
              }
            }
          ]
        }
      },
      "dependsOn": [ "Microsoft.EnterpriseCloud.Monitoring" ]
    }
  ],
  "outputs": {
  }
}
