{
  "$schema": "https://schema.management.azure.com/schemas/2015-01-01/deploymentTemplate.json#",
  "contentVersion": "1.0.0.0",
  "parameters": {
    "location": {
      "defaultValue": "West Europe",
      "type": "string",
      "metadata": {
        "description": "Location for all resources."
      }
    },
    "VMName": {
      "type": "string",
      "metadata": {
        "description": "The name of the VM on whcih the extension needs to be added"
      },
      "defaultValue": "stefy-testext"
    },
    "_artifactsLocation": {
      "type": "string",
      "metadata": {
        "description": "The base URI where artifacts required by this template are located"
      }
    },
    "_artifactsLocationSasToken": {
      "type": "securestring",
      "metadata": {
        "description": "The Sas Token to access the artifacts location "
      }
    }
  },
  "variables": {
    "scriptFolder": ".",
    "scriptFileName": "test.ps1",
    "fileToBeCopied": "test.ps1",
    "scriptParameters": "[concat(parameters('_artifactsLocation'),'/PSScript/', variables('ScriptFileName'), parameters('_artifactsLocationSasToken'))]"
  },
  "resources": [
    {
      "name": "[concat(parameters('VMName'),'/CustomScriptExtension')]",
      "type": "Microsoft.Compute/virtualMachines/extensions",
      "location": "[parameters('location')]",
      "apiVersion": "2017-03-30",
      "tags": {
        "displayName": "stefy-test-ext"
      },
      "properties": {
        "publisher": "Microsoft.Compute",
        "type": "CustomScriptExtension",
        "typeHandlerVersion": "1.9",
        "autoUpgradeMinorVersion": true,
        "settings": {

          "fileUris": [
            "[concat(parameters('_artifactsLocation'),'/', variables('ScriptFileName'), parameters('_artifactsLocationSasToken'))]"
          ],

          "commandToExecute": "[concat('powershell -ExecutionPolicy Unrestricted -File ',variables('ScriptFolder'),'/CustomExtension/', variables('scriptFileName'))]"

        }
      }
    }
  ]
}