{
  "$schema": "https://schema.management.azure.com/schemas/2015-01-01/deploymentParameters.json#",
  "contentVersion": "1.0.0.0",
  "parameters": {

    "Zone": {
      "value": "mm"
    },
     "NicProperties": {
      "value": {
        "ipConfigurations": [
          {
            "name": "ipconfig1",
            "properties": {
              "privateIPAllocationMethod": "Static",
              "privateIPAddress": "10.75.0.86",
              "subnet": {
                "id": "/subscriptions/323c3ace-1913-42da-a831-3a9f5e3cd2ac/resourceGroups/rg-vnet-platform-p-001/providers/Microsoft.Network/virtualNetworks/vnet-p-001/subnets/subnet-mmadds-p"
              }
            }
          }
        ]
      }
    },
    "DNo": {
      "value": "001"
    },
    "FinancialOwner": {
      "value": "SogetiCapgemini"
    },
    "OpsOwner": {
      "value": "SogetiCapgemini"
    },
    "AppName": {
      "value": "mmadds-001-nic"
    },
    "Environment": {
      "value": "Production"
    }
  }
}
