{
  "$schema": "https://schema.management.azure.com/schemas/2015-01-01/deploymentParameters.json#",
  "contentVersion": "1.0.0.0",
  "parameters": {
    "OSVersion": {
      "value": "2016-Datacenter"
    },
    "BackupVaultName": {
      "value": "vault-p"
    },
    "WorkspaceName": {
      "value": "oms-servicenow-p-001"
    },
    "BackupVaultRGName": {
      "value": "rg-backup-platform-p-001"
    },
    "VMSize": {
      "value": "Standard_B2ms"
    },
    "AppName": {
      "value": "adds"
    },
    "Zone": {
      "value": "mm"
    },
    "PowerOffSchedule": {
      "value": 19
    },
    "DNo": {
      "value": "001"
    },
    "BackupEnable": {
      "value": "Yes"
    },
    "DName": {
      "value": "p"
    },
    "ExistingStorageAccountName": {
      "value": "storagediagp"
    },
    "Daily Power On/Off Schedule": {
      "value": "No"
    },
    "BackupFabricName": {
      "value": "Azure"
    },
    "FinancialOwner": {
      "value": "SogetiCapgemini"
    },
    "OpsOwner": {
      "value": "SogetiCapgemini"
    },
    "AvailabilitySet": {
      "value": "No"
    },
    "BackupPolicyName": {
      "value": "DefaultPolicy"
    },
    "AdminPassword": {
      "value": "&tN6xbA4bvv*"
    },
    "DataDiskSize": {
      "value": 100
    },
    "Environment": {
      "value": "Production"
    },
    "AdminUsername": {
      "value": "enecoadmin"
    },
    "PowerOnSchedule": {
      "value": 6
    },
    "OSType": {
      "value": "Windows"
    },
    "WorkspaceRG": {
      "value": "rg-oms-platform-p-001"
    }
  }
}
