{
  "$schema": "https://schema.management.azure.com/schemas/2015-01-01/deploymentParameters.json#",
  "contentVersion": "1.0.0.0",
  "parameters": {
    "configurationParameters": {
      "value": {

        "environment": "a",

        "apimKey": "10000a8a0e9b43d7a917035c36c2cbff",

        "appInsightsInstrumentationKey": "1xxxxxxx-0ce0-42a2-bcd5-a503c6e4da1e",

        "environmentName": "Acceptance",
        "appName": "common",
        "financialOwner": "SogetiCapgemini",
        "owner": "SogetiCapgemini",

        "apiManagementServiceName": "apimecfcommon",
        "apiManagementPublisherEmail": "SogetiCapgemini@outlook.com",
        "apiManagementPublisherName": "SogetiCapgemini",
        "apiManagementSkuName": "Developer"
      }
    },
    "keyVaultName": {
      "value": "keyvault-apim-a-101"
    }
  }
}
