﻿{
  "$schema": "https://schema.management.azure.com/schemas/2015-01-01/deploymentParameters.json#",
  "contentVersion": "1.0.0.0",
  "parameters": {
    "FinancialOwner": {
      "value": "Sogeti-Capgemini"
    },
    "Environment": {
      "value": "Sandbox"
    },
    "OpsOwner": {
      "value": "Sogeti-Capgemini"
    },
    "DName": {
      "value": "sb"
    },
    "Zone": {
      "value": "af"
    },
    "AppName": {
      "value": "opentext"
    },
    "NSGProperties": {
      "value": {
        "SecurityRules": [
          {
            "name": "DENY_ALL_IN",
            "properties": {
              "description": "Deny all inbound traffic",
              "protocol": "*",
              "access": "Deny",
              "priority": 4096,
              "direction": "Inbound",
              "sourcePortRange": "*",
              "destinationPortRange": "*",
              "sourceAddressPrefix": "*",
              "destinationAddressPrefix": "*",
              "sourcePortRanges": [],
              "destinationPortRanges": [],
              "sourceAddressPrefixes": [],
              "destinationAddressPrefixes": []
            }
          },
          {
            "name": "AllOW_INTERNET_OUT",
            "properties": {
              "description": "Allow outbound traffic from all VMs to Internet",
              "protocol": "*",
              "access": "Allow",
              "priority": 101,
              "direction": "Outbound",
              "sourcePortRange": "*",
              "destinationPortRange": "*",
              "sourceAddressPrefix": "*",
              "destinationAddressPrefix": "Internet",
              "sourcePortRanges": [],
              "destinationPortRanges": [],
              "sourceAddressPrefixes": [],
              "destinationAddressPrefixes": []
            }
          },
          {
            "name": "ALLOW_SNOW_SCAN_IN",
            "properties": {
              "protocol": "*",
              "access": "Allow",
              "priority": 2000,
              "direction": "Inbound",
              "sourcePortRange": "*",
              "sourceAddressPrefix": "10.73.0.0/28",
              "destinationAddressPrefix": "10.73.128.16/28",
              "sourcePortRanges": [],
              "destinationPortRanges": [ "161", "162", "53", "22", "5988", "5989", "135", "445", "389", "137", "5985", "443", "80", "49152-65535", "24158", "1027" ],
              "sourceAddressPrefixes": [],
              "destinationAddressPrefixes": []
            }
          },
          {
            "name": "ALLOW_SNOW_SCAN_OUT",
            "properties": {
              "protocol": "*",
              "access": "Allow",
              "priority": 2000,
              "direction": "Outbound",
              "sourcePortRange": "*",
              "sourceAddressPrefix": "10.73.128.16/28",
              "destinationAddressPrefix": "10.73.0.0/28",
              "sourcePortRanges": [],
              "destinationPortRanges": [ "161", "162", "53", "22", "5988", "5989", "135", "445", "389", "137", "5985", "443", "80", "49152-65535", "24158", "1027" ],
              "sourceAddressPrefixes": [],
              "destinationAddressPrefixes": []
            }
          },
          //{
          //  "name": "ALLOW_QRADAR_SCAN_IN",
          //  "properties": {
          //    "protocol": "*",
          //    "access": "Allow",
          //    "priority": 2001,
          //    "direction": "Inbound",
          //    "sourcePortRange": "*",
          //    "sourceAddressPrefix": "10.213.226.66/32",
          //    "destinationAddressPrefix": "10.73.128.16/28",
          //    "sourcePortRanges": [],
          //    "destinationPortRanges": [ "135", "139", "445", "49152-65535" ],
          //    "sourceAddressPrefixes": [],
          //    "destinationAddressPrefixes": []
          //  }
          //},
          //{
          //  "name": "ALLOW_QRADAR_SCAN_OUT",
          //  "properties": {
          //    "protocol": "*",
          //    "access": "Allow",
          //    "priority": 2001,
          //    "direction": "Outbound",
          //    "sourcePortRange": "*",
          //    "sourceAddressPrefix": "10.73.128.16/28",
          //    "destinationAddressPrefix": "10.213.226.66/32",
          //    "sourcePortRanges": [],
          //    "destinationPortRanges": [ "135", "139", "445", "49152-65535" ],
          //    "sourceAddressPrefixes": [],
          //    "destinationAddressPrefixes": []
          //  }
          //},
          {
            "name": "ALLOW_JUMPBOX_IN",
            "properties": {
              "protocol": "*",
              "access": "Allow",
              "priority": 201,
              "direction": "Inbound",
              "sourcePortRange": "*",
              "destinationPortRange": "3389",
              "sourceAddressPrefix": "10.73.0.64/28",
              "destinationAddressPrefix": "10.73.128.16/28",
              "sourcePortRanges": [],
              "destinationPortRanges": [],
              "sourceAddressPrefixes": [],
              "destinationAddressPrefixes": []
            }
          },
          {
            "name": "ALLOW_VDI-RDP_IN",
            "properties": {
              "protocol": "Tcp",
              "access": "Allow",
              "priority": 202,
              "direction": "Inbound",
              "sourcePortRange": "*",
              "destinationPortRange": "3389",
              "sourceAddressPrefix": "10.128.220.0/22",
              "destinationAddressPrefix": "10.73.128.16/28",
              "sourcePortRanges": [],
              "destinationPortRanges": [],
              "sourceAddressPrefixes": [],
              "destinationAddressPrefixes": []
            }
          },

          {
            "name": "ALLOW_OPENTEXT_IN",
            "properties": {
              "protocol": "Tcp",
              "access": "Allow",
              "priority": 203,
              "direction": "Inbound",
              "sourcePortRange": "*",
              "sourceAddressPrefix": "10.128.220.0/22",
              "destinationAddressPrefix": "10.73.128.20",
              "sourcePortRanges": [],
              "destinationPortRanges": [
                "8080",
                "8443",
                "2718",
                "2719",
                "28700"

              ],
              "sourceAddressPrefixes": [],
              "destinationAddressPrefixes": [],
              "destinationPortRange": ""
            }
          }
        ]
      }
    }
  }
}