{
  "$schema": "https://schema.management.azure.com/schemas/2015-01-01/deploymentTemplate.json#",
  "contentVersion": "1.0.0.0",
  "parameters": {

    "location": {
      "type": "string",
      "defaultValue": "[resourceGroup().location]",
      "metadata": {
        "description": "Location for all resources."
      }
    },

    "zone": {
      "type": "string",
      "defaultValue": "mm",
      "allowedValues": [ "af", "ab", "db", "mm" ],
      "metadata": {
        "description": "The name of the zone"
      }
    },
    "app": {
      "type": "string",
      "defaultValue": "app",
      "metadata": {
        "description": "The abbreviation of the application name"
      }
    },
    "DName": {
      "type": "string",
      "defaultValue": "t",
      "allowedValues": [ "p", "a", "t", "d", "sb", "ss" ],
      "metadata": {
        "description": "The abbreviation of the environment"
      }
    },
    "DNo": {
      "type": "string",
      "defaultValue": "501",
      "metadata": {
        "description": "The Dno indicates the number of the application amongs the evironmnets, For Prod 001-099, Acc 101-199, test 201-299, Dev 301-399, Sandbox 401-499, SDT 501-599"
      }
    },
    "PrivateIPAddressName": {
      "type": "string",
      "defaultValue": "eneco-midserv",
      "metadata": {
        "description": "The Private IPAddressName"
      }
    },
    "subnetRef": {
      "type": "string",
      "metadata": {
        "description": "Subnet reference from main template"
      }
    },
    "dnsLabelPrefix": {
      "type": "string",
      "defaultValue": "dnstesting",
      "metadata": {
        "description": "DNS Label for the Public IP. Must be lowercase. It should match with the following regular expression: ^[a-z][a-z0-9-]{1,61}[a-z0-9]$ or it will raise an error."
      }
    },
    "Environment": {
      "type": "string",
      "defaultValue": "Development",
      "allowedValues": [
        "Development",
        "Sandbox",
        "Test",
        "Acceptance",
        "Production",
        "SharedServicesforSbDevTest"
      ],
      "metadata": {
        "description": "Identify the environment in which the application is running "
      }
    },
    "OpsOwner": {
      "type": "string",
      "defaultValue": "CloudFoundation",
      "metadata": {
        "description": "This should be an email of a person or a group that is responsible for the resource."
      }
    },
    "FinancialOwner": {
      "type": "string",
      "defaultValue": "IntegrationOffice",
      "metadata": {
        "description": "FinancialOwner of the resources"
      }
    },
    "AppName": {
      "type": "string",
      "defaultValue": "CloudFoundation",
      "metadata": {
        "description": "Application name"
      }
    }
  },
  "variables": {
    "nicName": "[concat(parameters('zone'),parameters('app'),'-','nic',parameters('DNo'))]"
  },
  "resources": [
    {
      "apiVersion": "2016-06-01",
      "type": "Microsoft.Network/networkInterfaces",
      "name": "[variables('nicName')]",
      "location": "[parameters('location')]",
      "tags": {
        "Environment": "[parameters('Environment')]",
        "AppName": "[parameters('AppName')]",
        "FinancialOwner": "[parameters('FinancialOwner')]",
        "OpsOwner": "[parameters('OpsOwner')]"
      },
      "properties": {
        "ipConfigurations": [
          {
            "name": "[parameters('PrivateIPAddressName')]",
            "properties": {
              "privateIPAllocationMethod": "Dynamic",
              "subnet": {
                "id": "[parameters('subnetRef')]"
              }
            }
          }

        ]
      }
    }
  ]
}

