﻿{
  "$schema": "https://schema.management.azure.com/schemas/2015-01-01/deploymentParameters.json#",
  "contentVersion": "1.0.0.0",
  "parameters": {
    "FinancialOwner": {
      "value": "Sogeti-Capgemini"
    },
    "Environment": {
      "value": "vdi"
    },
    "OpsOwner": {
      "value": "Sogeti-Capgemini"
    },
    "AppName": {
      "value": "sbc"
    },
    "DName": {
      "value": "p"
    },
    "DNo": {
      "value": "005"
    },
    "addressPrefix": {
      "value": "10.77.136.0/22"
    },
    "DNSServerAddress": {
      "value": [ "10.213.26.14", "10.75.0.132", "10.75.0.133" ]
    },
    "Subnets": {
      "value": [
        {
          "name": "subnet-sbc-p",
          "properties": {
            "addressPrefix": "10.77.136.0/24"
          }
        }
      ]
    }
  }
}
