{
  "$schema": "https://schema.management.azure.com/schemas/2015-01-01/deploymentParameters.json#",
  "contentVersion": "1.0.0.0",
  "parameters": {
    "FinancialOwner": {
      "value": "Sogeti-Capgemini"
    },
    "Environment": {
      "value": "SharedServices"
    },
    "OpsOwner": {
      "value": "Sogeti-Capgemini"
    },
    "AppName": {
      "value": "CloudFoundation"
    },
    "DName": {
      "value": "ss"
    },
    "DNo": {
      "value": "501"
    },
    "addressPrefix": {
      "value": "10.73.0.0/18"
    },
    "DNSServerAddress": {
      "value": [ "10.73.0.86", "10.73.0.87" ]
    },
    "Subnets": {
      "value": [
        {
          "name": "GatewaySubnet",
          "properties": {
            "addressPrefix": "10.73.63.192/27"
          }
        },
        {
          "name": "subnet-mmmidserver-ss",
          "properties": {
            "addressPrefix": "10.73.0.0/28"
          }
        },
        {
          "name": "subnet-nva-ext-ss",
          "properties": {
            "addressPrefix": "10.73.0.16/28"
          }
        },
        {
          "name": "subnet-nva-int-ss",
          "properties": {
            "addressPrefix": "10.73.0.32/28"
          }
        },
        {
          "name": "subnet-mmjumpbox-ss",
          "properties": {
            "addressPrefix": "10.73.0.64/28"
          }
        },
        {
          "name": "subnet-mmadds-ss",
          "properties": {
            "addressPrefix": "10.73.0.80/28"
          }
        },
        {
          "name": "subnet-mmaadap-ss",
          "properties": {
            "addressPrefix": "10.73.0.96/28"
          }
        },
        {
          "name": "subnet-mmnessus-ss",
          "properties": {
            "addressPrefix": "10.73.0.112/28"
          }
        },
        {
          "name": "subnet-mmdcop-ss",
          "properties": {
            "addressPrefix": "10.73.0.128/28"
          }
        },
        {
          "name": "subnet-mmpki-ss",
          "properties": {
            "addressPrefix": "10.73.0.144/28"
          }
        },
        {
          "name": "subnet-aksjumpbox-ss",
          "properties": {
            "addressPrefix": "10.73.1.0/28"
          }
        }
      ]
    }
  }
}