{
  "$schema": "https://schema.management.azure.com/schemas/2015-01-01/deploymentParameters.json#",
  "contentVersion": "1.0.0.0",
  "parameters": {
    "FinancialOwner": {
      "value": "Sogeti-Capgemini"
    },
    "Environment": {
      "value": "Production"
    },
    "OpsOwner": {
      "value": "Sogeti-Capgemini"
    },
    "AppName": {
      "value": "CloudFoundation"
    },
    "DName": {
      "value": "p"
    },
    "DNo": {
      "value": "001"
    },
    "addressPrefix": {
      "value": "10.75.0.0/18"
    },
    "DNSServerAddress": {
      "value": [ "10.75.0.86", "10.75.0.87" ]
    },
    "Subnets": {
      "value": [
        {
          "name": "GatewaySubnet",
          "properties": {
            "addressPrefix": "10.75.63.192/27"
          }
        },
        {
          "name": "subnet-mmmidserver-p",
          "properties": {
            "addressPrefix": "10.75.0.0/28"
          }
        },
        {
          "name": "subnet-nva-ext-p",
          "properties": {
            "addressPrefix": "10.75.0.16/28"
          }
        },
        {
          "name": "subnet-nva-int-p",
          "properties": {
            "addressPrefix": "10.75.0.32/28"
          }
        },
        {
          "name": "subnet-mmjumpbox-p",
          "properties": {
            "addressPrefix": "10.75.0.64/28"
          }
        },
        {
          "name": "subnet-mmadds-p",
          "properties": {
            "addressPrefix": "10.75.0.80/28"
          }
        },
        {
          "name": "subnet-mmaadap-p",
          "properties": {
            "addressPrefix": "10.75.0.96/28"
          }
        },
        {
          "name": "subnet-mmnessus-p",
          "properties": {
            "addressPrefix": "10.75.0.112/28"
          }
        },
        {
          "name": "subnet-mmdcop-p",
          "properties": {
            "addressPrefix": "10.75.0.128/28"
          }
        },
        {
          "name": "subnet-mmpki-p",
          "properties": {
            "addressPrefix": "10.75.0.144/28"
          }
        },
        {
          "name": "subnet-mmcitrixcc-p",
          "properties": {
            "addressPrefix": "10.75.0.160/28"
          }
        }
      ]
    }
  }
}