{
  "$schema": "https://schema.management.azure.com/schemas/2015-01-01/deploymentParameters.json#",
  "contentVersion": "1.0.0.0",
  "parameters": {
    "FinancialOwner": {
      "value": "Sogeti-Capgemini"
    },
    "Environment": {
      "value": "Acceptance"
    },
    "OpsOwner": {
      "value": "Sogeti-Capgemini"
    },
    "AppName": {
      "value": "CloudFoundation"
    },
    "DName": {
      "value": "a"
    },
    "DNo": {
      "value": "101"
    },
    "addressPrefix": {
      "value": "10.74.0.0/18"
    },
    "DNSServerAddress": {
      "value": [ "10.74.0.86", "10.74.0.87" ]
    },
    "Subnets": {
      "value": [
        {
          "name": "GatewaySubnet",
          "properties": {
            "addressPrefix": "10.74.63.192/27"
          }
        },
        {
          "name": "subnet-mmmidserver-a",
          "properties": {
            "addressPrefix": "10.74.0.0/28"
          }
        },
        {
          "name": "subnet-nva-ext-a",
          "properties": {
            "addressPrefix": "10.74.0.16/28"
          }
        },
        {
          "name": "subnet-nva-int-a",
          "properties": {
            "addressPrefix": "10.74.0.32/28"
          }
        },
        {
          "name": "subnet-mmjumpbox-a",
          "properties": {
            "addressPrefix": "10.74.0.64/28"
          }
        },
        {
          "name": "subnet-mmadds-a",
          "properties": {
            "addressPrefix": "10.74.0.80/28"
          }
        },
        {
          "name": "subnet-mmaadap-a",
          "properties": {
            "addressPrefix": "10.74.0.96/28"
          }
        },
       
        {
          "name": "subnet-mmdcop-a",
          "properties": {
            "addressPrefix": "10.74.0.128/28"
          }
        },
        {
          "name": "subnet-mmpki-a",
          "properties": {
            "addressPrefix": "10.74.0.144/28"
          }
        }
      ]
    }
  }
}