﻿{
  "$schema": "https://schema.management.azure.com/schemas/2015-01-01/deploymentParameters.json#",
  "contentVersion": "1.0.0.0",
  "parameters": {
    "FinancialOwner": {
      "value": "Sogeti-Capgemini"
    },
    "Environment": {
      "value": "Acceptance"
    },
    "OpsOwner": {
      "value": "Sogeti-Capgemini"
    },
   
    "AppName": {
      "value": "CloudFoundation"
    },
    "DName": {
      "value": "a"
    },
    "DNo": {
      "value": "102"
    },
    "addressPrefix": {
      "value": "10.74.128.0/18"
    },
    "DNSServerAddress": {
      "value": [ "10.74.0.86", "10.74.0.87" ]
    },
    "Subnets": {
      "value": []
    }
  }
}
