﻿{
  "$schema": "https://schema.management.azure.com/schemas/2015-01-01/deploymentParameters.json#",
  "contentVersion": "1.0.0.0",
  "parameters": {
  
    "FinancialOwner": {
      "value": "Sogeti-Capgemini"
    },
    "Environment": {
      "value": "Test"
    },
    "OpsOwner": {
      "value": "Sogeti-Capgemini"
    },
   
    "AppName": {
      "value": "CloudFoundation"
    },
    "DName": {
      "value": "t"
    },
    "DNo": {
      "value": "201"
    },
    "addressPrefix": {
      "value": "10.73.144.0/21"
    },
    "DNSServerAddress": {
      "value": [ "10.73.0.86", "10.73.0.87" ]
    },
    "Subnets": {
      "value": []
    }
  }
}
