﻿{
  "$schema": "https://schema.management.azure.com/schemas/2015-01-01/deploymentParameters.json#",
  "contentVersion": "1.0.0.0",
  "parameters": {
    "FinancialOwner": {
      "value": "Sogeti-Capgemini"
    },
    "Environment": {
      "value": "Sandbox"
    },
    "OpsOwner": {
      "value": "Sogeti-Capgemini"
    },
    "AppName": {
      "value": "CloudFoundation"
    },
    "DName": {
      "value": "sb"
    },
    "DNo": {
      "value": "402"
    },
    "addressPrefix": {
      "value": "10.73.160.0/20"
    },
    "DNSServerAddress": {
      "value": [ "10.73.0.86", "10.73.0.87" ]
    },
    "Subnets": {
      "value": [
        {
          "name": "subnet-aks-sb",
          "properties": {
            "addressPrefix": "10.73.160.0/21"
          }
        },
        {
          "name": "subnet-aksmm-sb",
          "properties": {
            "addressPrefix": "10.73.168.0/27"
          }
        }
      ]
    }
  }
}
