﻿{
  "$schema": "https://schema.management.azure.com/schemas/2015-01-01/deploymentParameters.json#",
  "contentVersion": "1.0.0.0",
  "parameters": {
 
    "FinancialOwner": {
      "value": "Sogeti-Capgemini"
    },
    "Environment": {
      "value": "Production"
    },
    "OpsOwner": {
      "value": "Sogeti-Capgemini"
    },
    "AppName": {
      "value": "CloudFoundation"
    },
    "DName": {
      "value": "p"
    },
    "DNo": {
      "value": "002"
    },
    "addressPrefix": {
      "value": "10.75.128.0/18"
    },
    "DNSServerAddress": {
      "value": [ "10.75.0.86", "10.75.0.87" ]
    },
    "Subnets": {
      "value": [
        {
          "name": "subnet-vmarchive-p",
          "properties": {
            "addressPrefix": "10.75.128.0/28"
          }
        },
        {
          "name": "subnet-asloader-p",
          "properties": {
            "addressPrefix": "10.75.128.16/28"
          }
        },
        {
          "name": "subnet-osarchive-p",
          "properties": {
            "addressPrefix": "10.75.128.32/28"
          }
        },
        {
          "name": "subnet-afcco365-p",
          "properties": {
            "addressPrefix": "10.75.128.64/28"
          }
        },
        {
          "name": "subnet-afsgate-p",
          "properties": {
            "addressPrefix": "10.75.128.80/28"
          }
        },
        {
          "name": "subnet-aftm1-p",
          "properties": {
            "addressPrefix": "10.75.128.96/28"
          }
        }
      ]
    }
  }
}
