﻿{
  "$schema": "https://schema.management.azure.com/schemas/2015-01-01/deploymentParameters.json#",
  "contentVersion": "1.0.0.0",
  "parameters": {
    "FinancialOwner": {
      "value": "Sogeti-Capgemini"
    },
    "Environment": {
      "value": "Sandbox"
    },
    "OpsOwner": {
      "value": "Sogeti-Capgemini"
    },
   
    "AppName": {
      "value": "CloudFoundation"
    },
    "DName": {
      "value": "sb"
    },
    "DNo": {
      "value": "401"
    },
    "addressPrefix": {
      "value": "10.73.128.0/21"
    },
    "DNSServerAddress": {
      "value": [ "10.73.0.86", "10.73.0.87" ]
    },
    "Subnets": {
      "value": [
        {
          "name": "subnet-demo-sb",
          "properties": {
            "addressPrefix": "10.73.128.0/28"
          }
        },
        {
          "name": "subnet-afopentext-sb",
          "properties": {
            "addressPrefix": "10.73.128.16/28",
            "serviceEndpoints": [
              {
                "service": "Microsoft.Sql"
              }
            ]
          }
        },
        {
          "name": "subnet-afpbsecs-sb",
          "properties": {
            "addressPrefix": "10.73.128.32/28",
            "serviceEndpoints": [
              {
                "service": "Microsoft.Sql"
              }
            ]
          }
        },
        {
          "name": "subnet-sflake-sb",
          "properties": {
            "addressPrefix": "10.73.128.48/28"
          }
        }
      ]
    }
  }
}
