﻿{
  "$schema": "https://schema.management.azure.com/schemas/2015-01-01/deploymentParameters.json#",
  "contentVersion": "1.0.0.0",
  "parameters": {
    "FinancialOwner": {
      "value": "Sogeti-Capgemini"
    },
    "Environment": {
      "value": "vdi"
    },
    "OpsOwner": {
      "value": "Sogeti-Capgemini"
    },
    "AppName": {
      "value": "vdi"
    },
    "DName": {
      "value": "p"
    },
    "DNo": {
      "value": "004"
    },
    "addressPrefix": {
      "value": "10.77.128.0/21"
    },
    "DNSServerAddress": {
      "value": [ "10.213.26.14" ]
    },
    "Subnets": {
      "value": [
        {
          "name": "subnet-mmvdi-p",
          "properties": {
            "addressPrefix": "10.77.128.0/21"
          }
        }
      ]
    }
  }
}
