{
  "$schema": "https://schema.management.azure.com/schemas/2015-01-01/deploymentTemplate.json#",
  "contentVersion": "1.0.0.0",
  "parameters": {
    "FinancialOwner": {
      "defaultValue": "Sogeti-Capgemini",
      "type": "string",
      "metadata": {
        "description": "Financial owner and thus Accountable for resource"
      }
    },
    "Environment": {
      "defaultValue": "Development",
      "allowedValues": [ "SharedServices", "Sandbox", "Development", "Test", "Acceptance", "Production", "vdi" ],
      "type": "string",
      "metadata": {
        "description": "Identify the environment in which the application is running "
      }
    },
    "OpsOwner": {
      "type": "string",
      "defaultValue": "Sogeti-Capgemini",
      "metadata": {
        "description": "Name of the Owner of the Azure Resource"
      }
    },
    "AppName": {
      "type": "string",
      "defaultValue": "CloudFoundation",
      "metadata": {
        "description": "The key functionality of the application. No special characters allowed In format as Key=Value"
      }
    },
    "DName": {
      "defaultValue": "ss",
      "allowedValues": [ "ss", "sb", "d", "t", "a", "p" ],
      "minLength": 1,
      "maxLength": 2,
      "type": "string",
      "metadata": {
        "description": "The name of the environment within DTAP."
      }
    },
    "DNo": {
      "defaultValue": "501",
      "type": "string",
      "metadata": {
        "description": "The Dno indicates the number of the application among the environments"
      }
    },
    "addressPrefix": {
      "type": "string",
      "defaultValue": "10.73.0.0/18",
      "allowedValues": [
        "10.73.0.0/18",
        "10.79.252.0/26",
        "10.73.128.0/21",
        "10.73.160.0/20",
        "10.73.136.0/21",
        "10.73.144.0/21",
        "10.74.0.0/18",
        "10.74.128.0/18",
        "10.79.252.64/26",
        "10.75.0.0/18",
        "10.75.128.0/18",
        "10.79.252.128/26",
        "10.77.128.0/21",
        "10.77.136.0/22"
      ],
      "metadata": {
        "description": "The CIDR address space for your Virtual Network in Azure"
      }
    },
    "DNSServerAddress": {
      "type": "array",
      "metadata": {
        "Description": "The DNS address(es) of the DNS Server(s) used by the VNET"
      }
    },
    "Subnets": {
      "type": "array",
      "metadata": {
        "Description": "Subnets with the address prefixes"
      }
    }
  },
  "variables": {
    "Vnetname": "[concat('vnet-',parameters('Dname'),'-',parameters('Dno'))]"
  },
  "resources": [
    {
      "apiVersion": "2016-12-01",
      "type": "Microsoft.Network/virtualNetworks",
      "name": "[variables('Vnetname')]",
      "location": "[resourceGroup().location]",
      "tags": {
        "Environment": "[parameters('Environment')]",
        "AppName": "[parameters('AppName')]",
        "FinancialOwner": "[parameters('FinancialOwner')]",
        "OpsOwner": "[parameters('OpsOwner')]"
      },
      "properties": {
        "addressSpace": {
          "addressPrefixes": [ "[parameters('addressPrefix')]" ]
        },
        "dhcpOptions": {
          "dnsServers": "[parameters('DNSServerAddress')]"
        },
        "subnets": "[parameters('Subnets')]"
      }
    }
  ]
}