{
  "$schema": "https://schema.management.azure.com/schemas/2015-01-01/deploymentParameters.json#",
  "contentVersion": "1.0.0.0",
  "parameters": {
    "FinancialOwner": {
      "value": "Sogeti-Capgemini"
    },
    "Environment": {
      "value": "SharedServices"
    },
    "OpsOwner": {
      "value": "Sogeti-Capgemini"
    },
    "AppName": {
      "value": "CloudFoundation"
    },
    "DName": {
      "value": "ss"
    },
    "DNo": {
      "value": "503"
    },
    "addressPrefix": {
      "value": "10.79.252.0/26"
    },
    "DNSServerAddress": {
      "value": [ "10.73.0.86", "10.73.0.87" ]
    },
    "Subnets": {
      "value": [
        {
          "name": "GatewaySubnet",
          "properties": {
            "addressPrefix": "10.79.252.0/26"
          }
        }
      ]
    }
  }
}