﻿{
  "$schema": "https://schema.management.azure.com/schemas/2015-01-01/deploymentParameters.json#",
  "contentVersion": "1.0.0.0",
  "parameters": {
    "Purpose": {
      "value": "Platform"
    },
    "Dname": {
      "value": "p"
    },
    "Dno": {
      "value": "001"
    },
    "HDname": {
      "value": "p"
    },
    "HDno": {
      "value": "004"
    },
    "SubscriptionID": {
      "value": "1b2ab350-722c-4727-a564-51d582db6026"
    },
    "AllowVirtualNetworkAccess": {
      "value": "true"
    },
    "AllowForwardedTraffic": {
      "value": "true"
    },
    "AllowGatewayTransit": {
      "value": "true"
    },
    "UseRemoteGateways": {
      "value": "false"
    }
  }
}