{
    "$schema": "https://schema.management.azure.com/schemas/2015-01-01/deploymentTemplate.json#",
    "contentVersion": "1.0.0.0",
  "parameters": {
       "VnetResourcegroup": {
      "defaultValue": "rg-vnet-platform-d-301",
      "type": "string",
        "allowedValues": [
          "rg-vnet-platform-ss-501",
          "rg-vnet-platform-sb-401",
          "rg-vnet-app-sb-402",
          "rg-vnet-platform-d-301",
          "rg-vnet-platform-t-201",
          "rg-vnet-platform-a-101",
          "rg-vnet-platform-a-102",
          "rg-vnet-platform-p-001",
          "rg-vnet-platform-p-002",
          "rg-vnet-platform-p-004",
          "rg-vnet-platform-p-005"
        ],
      "metadata": {
        "description": "Address space of the subnet to add"
      }
    },
    "VnetName": {
      "defaultValue": "vnet-d-301",
      "type": "string",
      "allowedValues": [
        "vnet-ss-501",
        "vnet-sb-401",
        "vnet-sb-402",
        "vnet-d-301",
        "vnet-t-201",
        "vnet-a-101",
        "vnet-a-102",
        "vnet-p-001",
        "vnet-p-002",
        "vnet-p-004",
        "vnet-p-005"
      ],
      "metadata": {
        "description": "Address space of the subnet to add"
      }
    },
    "subnetName": {
      "defaultValue": "subnet-demo-sb",
      "type": "string",
      "metadata": {
        "description": "Name of the Subnet"
      }
    },
    "subnetPrefix": {
      "defaultValue": "10.73.128.0/28",
      "type": "string",
      "metadata": {
        "description": "Subnet Prefix"
      }
    },
    "UDRRouteName": {
      "defaultValue": "udr-sb-401",
      "type": "string",
      "metadata": {
        "description": "The User Defined Route Table Name in Azure"
      }
    },
    "NSGName": {
      "defaultValue": "nsg-mmdemo-sb",
      "type": "string",
      "metadata": {
        "description": "The NSG for associtation it witht he SUbnet"
      }
    },
    "serviceEndpoints": {
      "defaultValue": "No",
      "allowedValues": [
        "Yes",
        "No"
      ],
      "type": "string",
      "metadata": {
        "description": "Indicator for a high available setup type"
      }
    },

    "service": {
      "type": "array"
    }
  },
    "variables": {
        "vnetID": "[resourceId(parameters('VnetResourcegroup'),'Microsoft.Network/virtualNetworks', parameters('Vnetname'))]"
    },
    "resources": [
      {
        "type": "Microsoft.Network/virtualNetworks/subnets",
        "name": "[concat(parameters('VnetName'), '/',parameters('subnetName'))]",
        "apiVersion": "2016-12-01",
        "location": "[resourceGroup().location]",
        "properties": {
          "addressPrefix": "[parameters('subnetPrefix')]",
          "serviceEndpoints": "[if(not(equals(parameters('serviceEndpoints'),'No')),parameters('service'), json('null'))]",
          "networkSecurityGroup": {
            "id": "[resourceId('Microsoft.Network/networkSecurityGroups', parameters('NSGName'))]"
          },
          "routeTable": {
            "id": "[resourceId('Microsoft.Network/routeTables', parameters('UDRRouteName'))]"
          }
        }
      }
    ]
}