﻿{
  "$schema": "https://schema.management.azure.com/schemas/2015-01-01/deploymentTemplate.json#",
  "contentVersion": "1.0.0.0",
  "parameters": {
    "VnetResourcegroup": {
      "defaultValue": "rg-vnet-platform-d-301",
      "type": "string",
      "allowedValues": [
        "rg-vnet-platform-ss-501",
        "rg-vnet-platform-sb-401",
        "rg-vnet-app-sb-402",
        "rg-vnet-platform-d-301",
        "rg-vnet-platform-t-201",
        "rg-vnet-platform-a-101",
        "rg-vnet-platform-a-102",
        "rg-vnet-platform-p-001",
        "rg-vnet-platform-p-002",
        "rg-vnet-platform-p-004"
      ],
      "metadata": {
        "description": "Address space of the subnet to add"
      }
    },
    "VnetName": {
      "defaultValue": "vnet-d-301",
      "type": "string",
      "allowedValues": [
        "vnet-ss-501",
        "vnet-sb-401",
        "vnet-sb-402",
        "vnet-d-301",
        "vnet-t-201",
        "vnet-a-101",
        "vnet-a-102",
        "vnet-p-001",
        "vnet-p-002",
        "vnet-p-004"
      ],
      "metadata": {
        "description": "Address space of the subnet to add"
      }
    },
    "subnetName": {
      "type": "string",
      "defaultValue": "subnet-demo-sb",
      "metadata": {
        "description": "Name of the Subnet"
      }
    },
    "subnetPrefix": {
      "type": "string",
      "defaultValue": "10.73.128.0/28",
      "metadata": {
        "description": "Subnet Prefix"
      }
    },
    "UDRRouteName": {
      "type": "string",
      "defaultValue": "udr-sb-401",
      "metadata": {
        "description": "The User Defined Route Table Name in Azure"
      }
    },
    "serviceEndpoints": {
      "defaultValue": "No",
      "allowedValues": [
        "Yes",
        "No"
      ],
      "type": "string",
      "metadata": {
        "description": "Indicator for a high available setup type"
      }
    },

    "service": {
      "type": "array"
    }
  },

  "variables": {
    "vnetID": "[resourceId(parameters('VnetResourcegroup'),'Microsoft.Network/virtualNetworks', parameters('Vnetname'))]"
  },
  "resources": [
    {
      "apiVersion": "2016-12-01",
      "type": "Microsoft.Network/virtualNetworks/subnets",
      "comments": "Subnet1Name",
      "name": "[concat(parameters('VnetName'), '/',parameters('subnetName'))]",
      "location": "[resourceGroup().location]",
      "properties": {
        "addressPrefix": "[parameters('subnetPrefix')]",
        "serviceEndpoints": "[if(not(equals(parameters('serviceEndpoints'),'No')),parameters('service'), json('null'))]",
        "routeTable": {
          "id": "[resourceId('Microsoft.Network/routeTables', parameters('UDRRouteName'))]"
        }
      }
    }
  ]
}