{
    "$schema": "http://schema.management.azure.com/schemas/2015-01-01/deploymentParameters.json#",
    "contentVersion": "1.0.0.0",
  "parameters": {
    "VnetResourcegroup": {
      "value": "rg-vnet-platform-ss-501"
    },
    "VnetName": {
      "value": "vnet-ss-501"
    },
    "subnetName": {
      "value": "app"
    },
    "subnetPrefix": {
      "value": "mm"
    },
    "NSGName": {
      "value": "vnet-d-301"
    },
    "serviceEndpoints": {
      "value": "No"
    },
    "service": {
      "value": [
        {
          "service": "Microsoft.Sql"
        }
      ]
    }
  }
}