{
    "$schema": "http://schema.management.azure.com/schemas/2015-01-01/deploymentParameters.json#",
    "contentVersion": "1.0.0.0",
  "parameters": {
    "VnetResourcegroup": {
      "value": "rg-vnet-platform-sb-401"
    },
    "VnetName": {
      "value": "vnet-sb-401"
    },
    "subnetName": {
      "value": "subnet-demo-sb"
    },
    "subnetPrefix": {
      "value": "10.73.128.0/28"
    },
    "NSGName": {
      "value": "nsg-mmdemo-sb"
    },
    "UDRRouteName": {
      "value": "udr-sb-401"
    },
    "serviceEndpoints": {
      "value": "No"
    },
    "service": {
      "value": [
        {
          "service": "Microsoft.Sql"
        }
      ]
    }
  }
}