{
    "$schema": "https://schema.management.azure.com/schemas/2015-01-01/deploymentParameters.json#",
    "contentVersion": "1.0.0.0",
  "parameters": {
    "FinancialOwner": {
      "value": "Sogeti-Capgemini"
    },
    "Environment": {
      "value": "Acceptance"
    },
    "OpsOwner": {
      "value": "Sogeti-Capgemini"
    },
    "DName": {
      "value": "a"
    },
    "Zone": {
      "value": "mm"
    },
    "AppName": {
      "value": "midserver"
    },
    "NSGProperties": {
      "value": {
        "SecurityRules": [
          {
            "name": "ALLOW_SNOW_OUT",
            "properties": {
              "protocol": "Tcp",
              "access": "Allow",
              "priority": 100,
              "direction": "Outbound",
              "sourcePortRange": "*",
              "destinationPortRange": "443",
              "sourceAddressPrefix": "10.73.0.0/28",
              "destinationAddressPrefix": "149.96.56.29/32",
              "sourcePortRanges": [],
              "destinationPortRanges": [],
              "sourceAddressPrefixes": [],
              "destinationAddressPrefixes": []
            }
          },
          {
            "name": "ALLOW_JUMPBOX_IN",
            "properties": {
              "protocol": "*",
              "access": "Allow",
              "priority": 200,
              "direction": "Inbound",
              "sourcePortRange": "*",
              "destinationPortRange": "*",
              "sourceAddressPrefix": "10.74.0.64/28",
              "destinationAddressPrefix": "10.74.0.0/28",
              "sourcePortRanges": [],
              "destinationPortRanges": [],
              "sourceAddressPrefixes": [],
              "destinationAddressPrefixes": []
            }
          },
          {
            "name": "ALLOW_SNOW_SCAN",
            "properties": {
              "protocol": "*",
              "access": "Allow",
              "priority": 2000,
              "direction": "Outbound",
              "sourcePortRange": "*",
              "sourceAddressPrefix": "10.74.0.0/28",
              "destinationAddressPrefix": "*",
              "sourcePortRanges": [],
              "destinationPortRanges": [ "161", "162", "53", "22", "5988", "5989", "135", "445", "389", "137", "5985", "443", "80", "49152-65535", "24158", "1027" ],
              "sourceAddressPrefixes": [],
              "destinationAddressPrefixes": []
            }
          },
          {
            "name": "DENY_ALL_IN",
            "properties": {
              "description": "Deny all inbound traffic",
              "protocol": "*",
              "access": "Deny",
              "priority": 4096,
              "direction": "Inbound",
              "sourcePortRange": "*",
              "destinationPortRange": "*",
              "sourceAddressPrefix": "*",
              "destinationAddressPrefix": "*",
              "sourcePortRanges": [],
              "destinationPortRanges": [],
              "sourceAddressPrefixes": [],
              "destinationAddressPrefixes": []
            }
          },
          //{
          //  "name": "ALLOW_QRADAR_SCAN_IN",
          //  "properties": {
          //    "protocol": "*",
          //    "access": "Allow",
          //    "priority": 2001,
          //    "direction": "Inbound",
          //    "sourcePortRange": "*",
          //    "sourceAddressPrefix": "10.213.226.66/32",
          //    "destinationAddressPrefix": "10.74.0.0/28",
          //    "sourcePortRanges": [],
          //    "destinationPortRanges": [ "135", "139", "445", "49152-65535" ],
          //    "sourceAddressPrefixes": [],
          //    "destinationAddressPrefixes": []
          //  }
          //},
          //{
          //  "name": "ALLOW_QRADAR_SCAN_OUT",
          //  "properties": {
          //    "protocol": "*",
          //    "access": "Allow",
          //    "priority": 2001,
          //    "direction": "Outbound",
          //    "sourcePortRange": "*",
          //    "sourceAddressPrefix": "10.74.0.0/28",
          //    "destinationAddressPrefix": "10.213.226.66/32",
          //    "sourcePortRanges": [],
          //    "destinationPortRanges": [ "135", "139", "445", "49152-65535" ],
          //    "sourceAddressPrefixes": [],
          //    "destinationAddressPrefixes": []
          //  }
          //},
          {
            "name": "ALLOW_LOCALNET_IN",
            "properties": {
              "protocol": "*",
              "access": "Allow",
              "priority": 201,
              "direction": "Inbound",
              "sourcePortRange": "*",
              "destinationPortRange": "*",
              "sourceAddressPrefix": "10.74.0.0/28",
              "destinationAddressPrefix": "10.74.0.0/28",
              "sourcePortRanges": [],
              "destinationPortRanges": [],
              "sourceAddressPrefixes": [],
              "destinationAddressPrefixes": []
            }
          }
        ]
      }
    }
  }
}