{
    "$schema": "https://schema.management.azure.com/schemas/2015-01-01/deploymentParameters.json#",
    "contentVersion": "1.0.0.0",
  "parameters": {
    "FinancialOwner": {
      "value": "Sogeti-Capgemini"
    },
    "Environment": {
      "value": "Acceptance"
    },
    "OpsOwner": {
      "value": "Sogeti-Capgemini"
    },
    "DName": {
      "value": "a"
    },
    "Zone": {
      "value": "mm"
    },
    "AppName": {
      "value": "aadap"
    },
    "NSGProperties": {
      "value": {
        "SecurityRules": [
          {
            "name": "AllOW_INTERNET_OUT",
            "properties": {
              "description": "Allow outbound traffic from all VMs to Internet",
              "protocol": "*",
              "access": "Allow",
              "priority": 101,
              "direction": "Outbound",
              "sourcePortRange": "*",
              "destinationPortRange": "*",
              "sourceAddressPrefix": "*",
              "destinationAddressPrefix": "Internet",
              "sourcePortRanges": [],
              "destinationPortRanges": [],
              "sourceAddressPrefixes": [],
              "destinationAddressPrefixes": []
            }
          },
          {
            "name": "ALLOW_JUMPBOX_IN",
            "properties": {
              "protocol": "*",
              "access": "Allow",
              "priority": 102,
              "direction": "Inbound",
              "sourcePortRange": "*",
              "destinationPortRange": "*",
              "sourceAddressPrefix": "10.74.0.64/28",
              "destinationAddressPrefix": "10.74.0.96/28",
              "sourcePortRanges": [],
              "destinationPortRanges": [],
              "sourceAddressPrefixes": [],
              "destinationAddressPrefixes": []
            }
          },
          {
            "name": "ALLOW_SNOW_SCAN_IN",
            "properties": {
              "protocol": "*",
              "access": "Allow",
              "priority": 2000,
              "direction": "Inbound",
              "sourcePortRange": "*",
              "sourceAddressPrefix": "10.74.0.0/28",
              "destinationAddressPrefix": "10.74.0.96/28",
              "sourcePortRanges": [],
              "destinationPortRanges": [ "161", "162", "53", "22", "5988", "5989", "135", "445", "389", "137", "5985", "443", "80", "49152-65535", "24158", "1027" ],
              "sourceAddressPrefixes": [],
              "destinationAddressPrefixes": []
            }
          },
          {
            "name": "ALLOW_SNOW_SCAN_OUT",
            "properties": {
              "protocol": "*",
              "access": "Allow",
              "priority": 2000,
              "direction": "Outbound",
              "sourcePortRange": "*",
              "sourceAddressPrefix": "10.74.0.96/28",
              "destinationAddressPrefix": "10.74.0.0/28",
              "sourcePortRanges": [],
              "destinationPortRanges": [ "161", "162", "53", "22", "5988", "5989", "135", "445", "389", "137", "5985", "443", "80", "49152-65535", "24158", "1027" ],
              "sourceAddressPrefixes": [],
              "destinationAddressPrefixes": []
            }
          },
          //{
          //  "name": "allow_qradar_scan_in",
          //  "properties": {
          //    "protocol": "*",
          //    "access": "allow",
          //    "priority": 2001,
          //    "direction": "inbound",
          //    "sourceportrange": "*",
          //    "sourceaddressprefix": "10.213.226.66/32",
          //    "destinationaddressprefix": "10.74.0.96/28",
          //    "sourceportranges": [],
          //    "destinationportranges": [ "135", "139", "445", "49152-65535" ],
          //    "sourceaddressprefixes": [],
          //    "destinationaddressprefixes": []
          //  }
          //},
          //{
          //  "name": "allow_qradar_scan_out",
          //  "properties": {
          //    "protocol": "*",
          //    "access": "allow",
          //    "priority": 2001,
          //    "direction": "outbound",
          //    "sourceportrange": "*",
          //    "sourceaddressprefix": "10.74.0.96/28",
          //    "destinationaddressprefix": "10.213.226.66/32",
          //    "sourceportranges": [],
          //    "destinationportranges": [ "135", "139", "445", "49152-65535" ],
          //    "sourceaddressprefixes": [],
          //    "destinationaddressprefixes": []
          //  }
          //},
          {
            "name": "DENY_All_IN",
            "properties": {
              "description": "Deny all inbound traffic",
              "protocol": "*",
              "access": "Deny",
              "priority": 4096,
              "direction": "Inbound",
              "sourcePortRange": "*",
              "destinationPortRange": "*",
              "sourceAddressPrefix": "*",
              "destinationAddressPrefix": "*",
              "sourcePortRanges": [],
              "destinationPortRanges": [],
              "sourceAddressPrefixes": [],
              "destinationAddressPrefixes": []
            }
          },
          {
            "name": "ALLOW_LOCALNET_IN",
            "properties": {
              "protocol": "*",
              "access": "Allow",
              "priority": 201,
              "direction": "Inbound",
              "sourcePortRange": "*",
              "destinationPortRange": "*",
              "sourceAddressPrefix": "10.74.0.96/28",
              "destinationAddressPrefix": "10.74.0.96/28",
              "sourcePortRanges": [],
              "destinationPortRanges": [],
              "sourceAddressPrefixes": [],
              "destinationAddressPrefixes": []
            }
          }
        ]
      }
    }
  }
}