{
  "$schema": "https://schema.management.azure.com/schemas/2015-01-01/deploymentTemplate.json#",
  "contentVersion": "1.0.0.0",
  "parameters": {
    "VnetResourcegroup": {
      "defaultValue": "rg-vnet-platform-sb-401",
      "type": "string",
      "allowedValues": [
        "rg-vnet-platform-ss-501",
        "rg-vnet-platform-sb-401",
        "rg-vnet-platform-d-301",
        "rg-vnet-platform-t-201",
        "rg-vnet-platform-a-101",
        "rg-vnet-platform-a-102",
        "rg-vnet-platform-p-001",
        "rg-vnet-platform-p-002"
      ],
      "metadata": {
        "description": "Address space of the subnet to add"
      }
    },
    "VnetName": {
      "defaultValue": "vnet-sb-401",
      "type": "string",
      "allowedValues": [
        "vnet-ss-501",
        "vnet-sb-401",
        "vnet-d-301",
        "vnet-t-201",
        "vnet-a-101",
        "vnet-a-102",
        "vnet-p-001",
        "vnet-p-002"
      ],
      "metadata": {
        "description": "Address space of the subnet to add"
      }
    },
    "subnetName": {
      "type": "string",
      "defaultValue": "subnet-demo-sb",
      "metadata": {
        "description": "Name of the Subnet"
      }
    },
    "subnetPrefix": {
      "type": "string",
      "defaultValue": "10.73.128.0/28",
      "metadata": {
        "description": "Subnet Prefix"
      }
    },
    "UDRRouteName": {
      "type": "string",
      "defaultValue": "udr-sb-401",
      "metadata": {
        "description": "The User Defined Route Table Name in Azure"
      }
    }
  },

  "variables": {
    "vnetID": "[resourceId(parameters('VnetResourcegroup'),'Microsoft.Network/virtualNetworks', parameters('Vnetname'))]"
  },
  "resources": [
    {
      "apiVersion": "2016-06-01",
      "type": "Microsoft.Network/virtualNetworks/subnets",
      "comments": "Subnet1Name",
      "name": "[concat(parameters('VnetName'), '/',parameters('subnetName'))]",
      "location": "[resourceGroup().location]",
      "properties": {
        "addressPrefix": "[parameters('subnetPrefix')]",
        "routeTable": {
          "id": "[resourceId('Microsoft.Network/routeTables', parameters('UDRRouteName'))]"
        }
      }
    }
  ]
}