{
  "$schema": "https://schema.management.azure.com/schemas/2015-01-01/deploymentTemplate.json#",
  "contentVersion": "1.0.0.0",
  "parameters": {
    "FinancialOwner": {
      "type": "string",
      "defaultValue": "Sogeti-Capgemini",
      "metadata": {
        "description": "Financial owner and thus Accountable for resource"
      }
    },
    "OpsOwner": {
      "type": "string",
      "defaultValue": "Sogeti-Capgemini",
      "metadata": {
        "description": "This should be an email of a person or a group that is responsible for the resource."
      }
    },
    "Environment": {
      "type": "string",
      "defaultValue": "SharedServices",
      "allowedValues": [ "Development", "Sandbox", "Test", "Acceptance", "Production", "SharedServices" ],
      "metadata": {
        "description": "Identify the Environment in which the application is running "
      }
    },
    "AppName": {
      "type": "string",
      "defaultValue": "CloudFoundation",
      "metadata": {
        "description": "The key functionality of the application. No special characters allowed In format as Key=Value"
      }
    },
    "Dname": {
      "type": "string",
      "defaultValue": "sb",
      "allowedValues": [ "p", "a", "t", "d", "sb", "ss" ],
      "maxLength": 2,
      "minLength": 1,
      "metadata": {
        "description": "The name of the Environment"
      }
    },
    "Dno": {
      "type": "string",
      "defaultValue": "501",
      "metadata": {
        "description": "The Dno indicates the number of the application amongs the Environment"
      }
    },
    "disableBgpRoutePropagation": {
      "type": "string",
      "defaultValue": "false",
      "allowedValues": [ "true", "false" ]
    },
    "UDRT": {
      "type": "array"
    }
  },
  "variables": {
    "UDRRouteName": "[concat('udr-',parameters('Dname'),'-',parameters('Dno'))]"
  },
  "resources": [
    {
      "comments": "User Defined routing",
      "type": "Microsoft.Network/routeTables",
      "name": "[variables('UDRRouteName')]",
      "apiVersion": "2018-02-01",
      "location": "[resourceGroup().location]",
      "tags": {
        "Environment": "[parameters('Environment')]",
        "AppName": "[parameters('AppName')]",
        "FinancialOwner": "[parameters('FinancialOwner')]",
        "OpsOwner": "[parameters('OpsOwner')]"
      },
      "properties": {
        "provisioningState": "Succeeded",
        "disableBgpRoutePropagation": "[parameters('disableBgpRoutePropagation')]",
        "routes": "[parameters('UDRT')]"
      }
    }
  ]
}