{
  "$schema": "http://schema.management.azure.com/schemas/2015-01-01/deploymentParameters.json#",
  "contentVersion": "1.0.0.0",
  "parameters": {
    "FinancialOwner": {
      "value": "Sogeti-Capgemini"
    },
    "OpsOwner": {
      "value": "Sogeti-Capgemini"
    },
    "Environment": {
      "value": "SharedServices"
    },
    "AppName": {
      "value": "CloudFoundation"
    },
    "Dname": {
      "value": "ss"
    },
    "Dno": {
      "value": "501"
    },
    "disableBgpRoutePropagation": {
      "value": "false"
    },
    "UDRT": {
      "value": [
        {
          "name": "udrt-ss-501",
          "properties": {
            "addressPrefix": "0.0.0.0/0",
            "nextHopType": "VirtualAppliance",
            "nextHopIpAddress": "10.73.0.39"
          }
        },
        {
          "name": "udrt-ss-502",
          "properties": {
            "addressPrefix": "10.0.0.0/8",
            "nextHopType": "VirtualAppliance",
            "nextHopIpAddress": "10.73.0.39"
          }
        },
        {
          "name": "udrt-ss-503",
          "properties": {
            "addressPrefix": "172.16.0.0/12",
            "nextHopType": "VirtualAppliance",
            "nextHopIpAddress": "10.73.0.39"
          }
        },
        {
          "name": "udrt-ss-504",
          "properties": {
            "addressPrefix": "192.168.0.0/16",
            "nextHopType": "VirtualAppliance",
            "nextHopIpAddress": "10.73.0.39"
          }
        }
      ]
    }
  }
}
