{
  "$schema": "http://schema.management.azure.com/schemas/2015-01-01/deploymentParameters.json#",
  "contentVersion": "1.0.0.0",
  "parameters": {
    "FinancialOwner": {
      "value": "Sogeti-Capgemini"
    },
    "OpsOwner": {
      "value": "Sogeti-Capgemini"
    },
    "Environment": {
      "value": "Acceptance"
    },
    "AppName": {
      "value": "CloudFoundation"
    },
    "Dname": {
      "value": "a"
    },
    "Dno": {
      "value": "103"
    },
    "disableBgpRoutePropagation": {
      "value": "false"
    },
    "UDRT": {
      "value": [
        {
          "name": "udrt-a-101",
          "properties": {
            "addressPrefix": "10.74.0.0/18",
            "nextHopType": "VirtualAppliance",
            "nextHopIpAddress": "10.74.0.39"
          }
        },
        {
          "name": "udrt-a-102",
          "properties": {
            "addressPrefix": "10.74.128.0/18",
            "nextHopType": "VirtualAppliance",
            "nextHopIpAddress": "10.74.0.39"
          }
        }
      ]
    }
  }
}
