{
  "$schema": "http://schema.management.azure.com/schemas/2015-01-01/deploymentParameters.json#",
  "contentVersion": "1.0.0.0",
  "parameters": {
    "FinancialOwner": {
      "value": "Sogeti-Capgemini"
    },
    "OpsOwner": {
      "value": "Sogeti-Capgemini"
    },
    "Environment": {
      "value": "SharedServices"
    },
    "AppName": {
      "value": "CloudFoundation"
    },
    "Dname": {
      "value": "ss"
    },
    "Dno": {
      "value": "503"
    },
    "disableBgpRoutePropagation": {
      "value": "false"
    },
    "UDRT": {
      "value": [
        {
          "name": "udrt-ss-501",
          "properties": {
            "addressPrefix": "10.73.0.0/18",
            "nextHopType": "VirtualAppliance",
            "nextHopIpAddress": "10.73.0.39"
          }
        },
        {
          "name": "udrt-ss-502",
          "properties": {
            "addressPrefix": "10.73.128.0/21",
            "nextHopType": "VirtualAppliance",
            "nextHopIpAddress": "10.73.0.39"
          }
        },
        {
          "name": "udrt-ss-503",
          "properties": {
            "addressPrefix": "10.73.136.0/21",
            "nextHopType": "VirtualAppliance",
            "nextHopIpAddress": "10.73.0.39"
          }
        },
        {
          "name": "udrt-ss-504",
          "properties": {
            "addressPrefix": "10.73.144.0/21",
            "nextHopType": "VirtualAppliance",
            "nextHopIpAddress": "10.73.0.39"
          }
        },
        {
          "name": "udrt-ss-505",
          "properties": {
            "addressPrefix": "10.73.160.0/20",
            "nextHopType": "VirtualAppliance",
            "nextHopIpAddress": "10.73.0.39"
          }
        }
      ]
    }
  }
}
