{
  "$schema": "http://schema.management.azure.com/schemas/2015-01-01/deploymentParameters.json#",
  "contentVersion": "1.0.0.0",
  "parameters": {
    "FinancialOwner": {
      "value": "Sogeti-Capgemini"
    },
    "OpsOwner": {
      "value": "Sogeti-Capgemini"
    },
    "Environment": {
      "value": "Acceptance"
    },
    "AppName": {
      "value": "CloudFoundation"
    },
    "Dname": {
      "value": "a"
    },
    "Dno": {
      "value": "101"
    },
    "disableBgpRoutePropagation": {
      "value": "false"
    },
    "UDRT": {
      "value": [
        {
          "name": "udrt-a-101",
          "properties": {
            "addressPrefix": "0.0.0.0/0",
            "nextHopType": "VirtualAppliance",
            "nextHopIpAddress": "10.74.0.39"
          }
        },
        {
          "name": "udrt-a-102",
          "properties": {
            "addressPrefix": "10.0.0.0/8",
            "nextHopType": "VirtualAppliance",
            "nextHopIpAddress": "10.74.0.39"
          }
        },
        {
          "name": "udrt-a-103",
          "properties": {
            "addressPrefix": "172.16.0.0/12",
            "nextHopType": "VirtualAppliance",
            "nextHopIpAddress": "10.74.0.39"
          }
        },
        {
          "name": "udrt-a-104",
          "properties": {
            "addressPrefix": "192.168.0.0/16",
            "nextHopType": "VirtualAppliance",
            "nextHopIpAddress": "10.74.0.39"
          }
        },
        {
          "name": "udrt-a-105",
          "properties": {
            "addressPrefix": "10.79.252.64/26",
            "nextHopType": "VirtualAppliance",
            "nextHopIpAddress": "10.74.0.39"
          }
        },
        {
          "name": "udrt-a-106",
          "properties": {
            "addressPrefix": "10.79.254.0/24",
            "nextHopType": "VirtualAppliance",
            "nextHopIpAddress": "10.74.0.39"
          }
        }
      ]
    }
  }
}
