{
  "$schema": "http://schema.management.azure.com/schemas/2015-01-01/deploymentParameters.json#",
  "contentVersion": "1.0.0.0",
  "parameters": {
    "FinancialOwner": {
      "value": "Sogeti-Capgemini"
    },
    "OpsOwner": {
      "value": "Sogeti-Capgemini"
    },
    "Environment": {
      "value": "Production"
    },
    "AppName": {
      "value": "CloudFoundation"
    },
    "Dname": {
      "value": "p"
    },
    "Dno": {
      "value": "002"
    },
    "disableBgpRoutePropagation": {
      "value": "false"
    },
    "UDRT": {
      "value": [
        {
          "name": "udrt-p-001",
          "properties": {
            "addressPrefix": "0.0.0.0/0",
            "nextHopType": "VirtualAppliance",
            "nextHopIpAddress": "10.75.0.39"
          }
        },
        {
          "name": "udrt-p-002",
          "properties": {
            "addressPrefix": "10.0.0.0/8",
            "nextHopType": "VirtualAppliance",
            "nextHopIpAddress": "10.75.0.39"
          }
        },
        {
          "name": "udrt-p-003",
          "properties": {
            "addressPrefix": "172.16.0.0/12",
            "nextHopType": "VirtualAppliance",
            "nextHopIpAddress": "10.75.0.39"
          }
        },
        {
          "name": "udrt-p-004",
          "properties": {
            "addressPrefix": "192.168.0.0/16",
            "nextHopType": "VirtualAppliance",
            "nextHopIpAddress": "10.75.0.39"
          }
        },
        {
          "name": "udrt-p-005",
          "properties": {
            "addressPrefix": "10.79.252.128/26",
            "nextHopType": "VirtualAppliance",
            "nextHopIpAddress": "10.75.0.39"
          }
        },
        {
          "name": "udrt-p-006",
          "properties": {
            "addressPrefix": "10.79.255.0/24",
            "nextHopType": "VirtualAppliance",
            "nextHopIpAddress": "10.75.0.39"
          }
        }
      ]
    }
  }
}
