{
  "$schema": "http://schema.management.azure.com/schemas/2015-01-01/deploymentParameters.json#",
  "contentVersion": "1.0.0.0",
  "parameters": {
    "FinancialOwner": {
      "value": "Sogeti-Capgemini"
    },
    "OpsOwner": {
      "value": "Sogeti-Capgemini"
    },
    "Environment": {
      "value": "Sandbox"
    },
    "AppName": {
      "value": "CloudFoundation"
    },
    "Dname": {
      "value": "sb"
    },
    "Dno": {
      "value": "401"
    },
    "disableBgpRoutePropagation": {
      "value": "false"
    },
    "UDRT": {
      "value": [
        {
          "name": "udrt-sb-401",
          "properties": {
            "addressPrefix": "0.0.0.0/0",
            "nextHopType": "VirtualAppliance",
            "nextHopIpAddress": "10.73.0.39"
          }
        },
        {
          "name": "udrt-sb-402",
          "properties": {
            "addressPrefix": "10.0.0.0/8",
            "nextHopType": "VirtualAppliance",
            "nextHopIpAddress": "10.73.0.39"
          }
        },
        {
          "name": "udrt-sb-403",
          "properties": {
            "addressPrefix": "172.16.0.0/12",
            "nextHopType": "VirtualAppliance",
            "nextHopIpAddress": "10.73.0.39"
          }
        },
        {
          "name": "udrt-sb-404",
          "properties": {
            "addressPrefix": "192.168.0.0/16",
            "nextHopType": "VirtualAppliance",
            "nextHopIpAddress": "10.73.0.39"
          }
        },
        {
          "name": "udrt-a-405",
          "properties": {
            "addressPrefix": "10.79.252.0/26",
            "nextHopType": "VirtualAppliance",
            "nextHopIpAddress": "10.73.0.39"
          }
        },
        {
          "name": "udrt-a-406",
          "properties": {
            "addressPrefix": "10.79.253.0/24",
            "nextHopType": "VirtualAppliance",
            "nextHopIpAddress": "10.73.0.39"
          }
        }
      ]
    }
  }
}
