{
  "$schema": "https://schema.management.azure.com/schemas/2015-01-01/deploymentTemplate.json#",
  "contentVersion": "1.0.0.0",
  "parameters": {
    "_artifactsLocation": {
      "type": "string"
    },
    "_artifactsLocationSasToken": {
      "type": "string"
    },
    "zone": {
      "defaultValue": "mm",
      "allowedValues": [
        "af",
        "ab",
        "db",
        "mm"
      ],
      "minLength": 1,
      "maxLength": 2,
      "type": "string",
      "metadata": {
        "description": "The abbreviation of the zone"
      }
    },
    "app": {
      "defaultValue": "midserver",
      "maxLength": 10,
      "type": "string",
      "metadata": {
        "description": "The abbreviation of the application name"
      }
    },
    "DName": {
      "defaultValue": "sb",
      "allowedValues": [
        "p",
        "a",
        "t",
        "d",
        "sb",
        "ss"
      ],
      "minLength": 1,
      "maxLength": 2,
      "type": "string",
      "metadata": {
        "description": "The abbreviation of the environment"
      }
    },
    "DNo": {
      "defaultValue": "405",
      "type": "string",
      "metadata": {
        "description": "The Dno indicates the number of the application amongs the evironmnets, For Prod 001-099, Acc 101-199, test 201-299, Dev 301-399, Sandbox 401-499, SDT 501-599"
      }
    },
    "adminUsername": {
      "defaultValue": "eneco",
      "type": "string",
      "metadata": {
        "description": "Username of the Virtual Machine."
      }
    },
    "keyvaultname": {
      "defaultValue": "keyvault-midserver-ss",
      "type": "string",
      "metadata": {
        "description": "The name of Keyvault"
      }
    },
    "VMsecretName": {
      "defaultValue": "EnecoAdmin",
      "type": "string",
      "metadata": {
        "description": "The Vault secret name of VM"
      }
    },
    "SNOWsecretName": {
      "defaultValue": "AzureMidServerUserDev",
      "allowedValues": [ "AzureMidServerUserProd", "AzureMidServerUserTest", "AzureMidServerUserDev" ],
      "type": "string",
      "metadata": {
        "description": "The Vault secret name of SNOW"
      }
    },
    "OSVersion": {
      "defaultValue": "2016-Datacenter",
      "type": "string",
      "metadata": {
        "description": "The OS version for the VM. This will pick a fully patched image of this given OS version."
      }
    },
    "location": {
      "defaultValue": "West Europe",
      "type": "string",
      "metadata": {
        "description": "Location for all resources."
      }
    },
    "purpose": {
      "defaultValue": "platform",
      "allowedValues": [
        "app",
        "core",
        "platform"
      ],
      "type": "string",
      "metadata": {
        "description": "The purpose of Resource Group"
      }
    },
    "datadisksize": {
      "defaultValue": 1023,
      "type": "int",
      "metadata": {
        "description": "Data Disk size in GB"
      }
    },
    "publisher": {
      "defaultValue": "MicrosoftWindowsServer",
      "type": "string",
      "metadata": {
        "description": "Storage profile publisher"
      }
    },
    "offer": {
      "defaultValue": "WindowsServer",
      "type": "string"
    },
    "vmSize": {
      "defaultValue": "Standard_B2ms",
      "type": "string",
      "metadata": {
        "description": "Available VM Sizes"
      }
    },
    "PrivateIPAddressName": {
      "defaultValue": "eneco-midserv-501",
      "type": "string",
      "metadata": {
        "description": "The Name for private IPAddress"
      }
    },
    "Environment": {
      "defaultValue": "Development",
      "allowedValues": [
        "Development",
        "Sandbox",
        "Test",
        "Acceptance",
        "Production",
        "SharedServicesforSbDevTest"
      ],
      "type": "string",
      "metadata": {
        "description": "Identify the environment in which the application is running using TAG "
      }
    },
    "OpsOwner": {
      "type": "string",
      "defaultValue": "CloudFoundation",
      "metadata": {
        "description": "This should be an email of a person or a group that is responsible for the resource."
      }
    },
    "FinancialOwner": {
      "type": "string",
      "defaultValue": "IntegrationOffice",
      "metadata": {
        "description": "FinancialOwner of the resources"
      }
    },
    "AppName": {
      "type": "string",
      "defaultValue": "CloudFoundation",
      "metadata": {
        "description": "Application name"
      }
    },
    "servicenowUrl": {
      "type": "string",
      "defaultValue": "https://enecodev.service-now.com",
      "allowedValues": [ "https://eneco.service-now.com", "https://enecotest.service-now.com", "https://enecodev.service-now.com" ],
      "metadata": {
        "description": "ServiceNow instance URL"
      }
    },
    "servicenowUser": {
      "type": "string",
      "defaultValue": "AzureMidServerUserDev",
      "allowedValues": [ "AzureMidServerUserProd", "AzureMidServerUserTest", "AzureMidServerUserDev" ],
      "metadata": {
        "description": "ServiceNow Instance UserName"
      }
    },
    "midServerName": {
      "type": "string",
      "defaultValue": "admin",
      "metadata": {
        "description": "ServiceNow Midserver Username"
      }
    },
    "nestedScriptFileName": {
      "type": "string",
      "defaultValue": "midapp.ps1",
      "metadata": {
        "description": "MID setup Script name"
      }
    },
    "midJavaAppLocation": {
      "type": "string",
      "defaultValue": "https://install.service-now.com/glide/distribution/builds/package/mid/2018/03/02/mid.kingston-10-17-2017__patch3-02-21-2018_03-02-2018_1305.windows.x86-64.zip",
      "metadata": {
        "description": "MID setup Script location"
      }
    },
    "existingvirtualNetworkName": {
      "defaultValue": "vnet-ss-501",
      "allowedValues": [
        "vnet-ss-501",
        "vnet-sb-401",
        "vnet-d-301",
        "vnet-t-201",
        "vnet-a-101",
        "vnet-a-102",
        "vnet-p-001",
        "vnet-p-002"
      ],
      "type": "string",
      "metadata": {
        "description": "Existing Virtual Network name"
      }
    },
    "virtualNetworkResourceGroupName": {
      "defaultValue": "rg-vnet-platform-ss-501",
      "allowedValues": [
        "rg-vnet-platform-ss-501",
        "rg-vnet-platform-sb-401",
        "rg-vnet-platform-d-301",
        "rg-vnet-platform-t-201",
        "rg-vnet-platform-a-101",
        "rg-vnet-platform-a-102",
        "rg-vnet-platform-p-001",
        "rg-vnet-platform-p-002"
      ],
      "type": "string",
      "metadata": {
        "description": "Existing Virtual Network ResourceGroup name"
      }
    },
    "vaultResourceGroupName": {
      "type": "string",
      "defaultValue": "rg-midserver-platform-ss-501",
      "metadata": {
        "description": "KeyVault RG name "
      }
    },
    "WorkspaceRG": {
      "type": "string",
      "defaultValue": "Eneco-OMS",
      "metadata": {
        "description": "The name of the OMS workpsace"
      }
    },
    "WorkspaceName": {
      "type": "string",
      "defaultValue": "eneco-oms",
      "metadata": {
        "description": "The name of the OMS workpsace"
      }
    }
  },
  "variables": {
    "vmName": "[concat(parameters('zone'),parameters('app'),'-',parameters('DNo'))]",
    "NicDeployName": "[concat(parameters('zone'),parameters('app'),'-',parameters('DNo'),'-nic')]",
    "NicName": "[concat(parameters('zone'),parameters('app'),'-','nic',parameters('DNo'))]",
    "NSGDeployForSingleAddName": "[concat(parameters('zone'),parameters('app'),'-',parameters('DName'),'-singleaddressnsg')]",
    "NSGDeployForMultiAddName": "[concat(parameters('zone'),parameters('app'),'-',parameters('DName'),'-multiaddressnsg')]",
    "vnetID": "[resourceId(parameters('virtualNetworkResourceGroupName'), 'Microsoft.Network/virtualNetworks', parameters('existingvirtualNetworkName'))]",
    "subnetName": "[concat('subnet-',parameters('zone'),parameters('app'),'-',parameters('DName'))]",
    "subnetRef": "[concat(variables('vnetID'),'/subnets/', variables('subnetName'))]",
    "nsgName": "[concat('nsg-',parameters('zone'),parameters('app'),'-',parameters('DName'))]"
  },
  "resources": [
    {
      "type": "Microsoft.Resources/deployments",
      "name": "[variables('NicDeployName')]",
      "apiVersion": "2016-06-01",
      "properties": {
        "mode": "Incremental",
        "templateLink": {
          "uri": "[concat(parameters('_artifactsLocation'),'/Microsoft.Network/nic.json', parameters('_artifactsLocationSasToken'))]",
          "contentVersion": "1.0.0.0"
        },
        "parameters": {
          "DName": {
            "value": "[parameters('DName')]"
          },
          "DNo": {
            "value": "[parameters('DNo')]"
          },
          "app": {
            "value": "[parameters('app')]"
          },
          "location": {
            "value": "[parameters('location')]"
          },
          "zone": {
            "value": "[parameters('zone')]"
          },
          "Environment": {
            "value": "[parameters('Environment')]"
          },
          "AppName": {
            "value": "[parameters('AppName')]"
          },
          "FinancialOwner": {
            "value": "[parameters('FinancialOwner')]"
          },
          "OpsOwner": {
            "value": "[parameters('OpsOwner')]"
          },
          "subnetRef": {
            "value": "[variables('subnetRef')]"
          }
        }
      }
    },
    {
      "type": "Microsoft.Resources/deployments",
      "name": "[variables('vmName')]",
      "apiVersion": "2016-06-01",
      "properties": {
        "mode": "Incremental",
        "templateLink": {
          "uri": "[concat(parameters('_artifactsLocation'),'/Microsoft.Compute/vm.json', parameters('_artifactsLocationSasToken'))]",
          "contentVersion": "1.0.0.0"
        },
        "parameters": {
          "scriptlocation": {
            "value": "[concat(parameters('_artifactsLocation'),'/Microsoft.Compute/midapp.ps1', parameters('_artifactsLocationSasToken'))]"
          },
          "DName": {
            "value": "[parameters('DName')]"
          },
          "DNo": {
            "value": "[parameters('DNo')]"
          },
          "app": {
            "value": "[parameters('app')]"
          },
          "location": {
            "value": "[parameters('location')]"
          },
          "zone": {
            "value": "[parameters('zone')]"
          },
          "Environment": {
            "value": "[parameters('Environment')]"
          },
          "AppName": {
            "value": "[parameters('AppName')]"
          },
          "FinancialOwner": {
            "value": "[parameters('FinancialOwner')]"
          },
          "OpsOwner": {
            "value": "[parameters('OpsOwner')]"
          },
          "adminUsername": {
            "value": "[parameters('adminUsername')]"
          },
          "adminPassword": {
            "reference": {
              "keyVault": {
                "id": "[concat(subscription().id,'/resourceGroups/',parameters('vaultResourceGroupName'),'/providers/Microsoft.KeyVault/vaults/',parameters('keyvaultname'))]"
              },
              "secretName": "[parameters('VMsecretName')]"
            }
          },
          "servicenowUrl": {
            "value": "[parameters('servicenowUrl')]"
          },
          "servicenowUser": {
            "value": "[parameters('servicenowUser')]"
          },
          "midServerName": {
            "value": "[parameters('midServerName')]"
          },
          "nestedScriptFileName": {
            "value": "[parameters('nestedScriptFileName')]"
          },
          "midJavaAppLocation": {
            "value": "[parameters('midJavaAppLocation')]"
          },
          "SNOWUserPass": {
            "reference": {
              "keyVault": {
                "id": "[concat(subscription().id,'/resourceGroups/',parameters('vaultResourceGroupName'),'/providers/Microsoft.KeyVault/vaults/',parameters('keyvaultname'))]"
              },
              "secretName": "[parameters('SNOWsecretName')]"
            }
          },
          "datadisksize": {
            "value": "[parameters('datadisksize')]"
          },
          "publisher": {
            "value": "[parameters('publisher')]"
          },
          "offer": {
            "value": "[parameters('offer')]"
          },
          "vmSize": {
            "value": "[parameters('vmSize')]"
          },
          "OSVersion": {
            "value": "[parameters('OSVersion')]"
          },
          "WorkspaceRG": {
            "value": "[parameters('WorkspaceRG')]"
          },
          "WorkspaceName": {
            "value": "[parameters('WorkspaceName')]"
          }
        }
      },
      "dependsOn": [
        "[variables('NicDeployName')]"
      ]
    }
  ]
}