{
    "$schema": "http://schema.management.azure.com/schemas/2015-01-01/deploymentParameters.json#",
    "contentVersion": "1.0.0.0",
  "parameters": {
    "DName": {
      "value": "ss"
    },
    "DNo": {
      "value": "501"
    },
    "app": {
      "value": "midserver"
    },
    "zone": {
      "value": "mm"
    },
    "purpose": {
      "value": "platform"
    },
    "adminUsername": {
      "value": "EnecoAdmin"
    },
    "keyvaultname": {
      "value": "keyvault-midserv-ss-501"
    },
    "VMsecretName": {
      "value": "EnecoAdmin"
    },
    "OSVersion": {
      "value": "2016-Datacenter"
    },
    "datadisksize": {
      "value": 1023
    },
    "publisher": {
      "value": "MicrosoftWindowsServer"
    },
    "offer": {
      "value": "WindowsServer"
    },
    "vmSize": {
      "value": "Standard_B2ms"
    },
    "location": {
      "value": "West Europe"
    },
    "PrivateIPAddressName": {
      "value": "mmmidserver-501"
    },
    "Environment": {
      "value": "SharedServicesforSbDevTest"
    },
    "AppName": {
      "value": "CloudFoundation"
    },
    "FinancialOwner": {
      "value": "CloudFoundation"
    },
    "OpsOwner": {
      "value": "IntegrationOffice"
    },
    "_artifactsLocation": {
      "value": null
    },
    "_artifactsLocationSasToken": {
      "value": null
    },
    "servicenowUrl": {
      "value": "https://enecotest.service-now.com"
    },
    "servicenowUser": {
      "value": "AzureMidServerUserProd"
    },
    "SNOWsecretName": {
      "value": "AzureMidServerUserProd"
    },
    "midServerName": {
      "value": "midserver-501-sharedservices"
    },
    "nestedScriptFileName": {
      "value": "midapp.ps1"
    },
    "midJavaAppLocation": {
      "value": "https://install.service-now.com/glide/distribution/builds/package/mid/2018/03/02/mid.kingston-10-17-2017__patch3-02-21-2018_03-02-2018_1305.windows.x86-64.zip"
    },
    "existingvirtualNetworkName": {
      "value": "vnet-ss-501"
    },
    "virtualNetworkResourceGroupName": {
      "value": "rg-vnet-platform-ss-501"
    },
    "vaultResourceGroupName": {
      "value": "rg-midserver-platform-ss-501"
    },
    "WorkspaceRG": {
      "value": "rg-oms-platform-ss-501"
    },
    "WorkspaceName": {
      "value": "oms-servicenow-ss-501"
    }
  }
}