{
    "$schema": "http://schema.management.azure.com/schemas/2015-01-01/deploymentParameters.json#",
    "contentVersion": "1.0.0.0",
  "parameters": {
    "DName": {
      "value": "t"
    },
    "DNo": {
      "value": "201"
    },
    "app": {
      "value": "midserv"
    },
    "zone": {
      "value": "mm"
    },
    "purpose": {
      "value": "platform"
    },
    "adminUsername": {
      "value": "azureuser"
    },
    "VMkeyvaultname": {
      "value": "string"
    },
    "VMsecretName": {
      "value": "string"
    },
    "OSVersion": {
      "value": "2016-Datacenter"
    },
    "datadisksize": {
      "value": 1023
    },
    "publisher": {
      "value": "MicrosoftWindowsServer"
    },
    "offer": {
      "value": "WindowsServer"
    },
    "vmSize": {
      "value": "Standard_B2ms"
    },
    "newSubnetAddressPrefix": {
      "value": "10.73.144.0/24"
    },
    "location": {
      "value": "West Europe"
    },
    "PublicIPAddressName": {
      "value": "eneco-midserv-201"
    },
    "publicIPAddressType": {
      "value": "Dynamic"
    },
    "dnsLabelPrefix": {
      "value": "dnstesting"
    },

    "Environment": {
      "value": "Test"
    },
    "AppName": {
      "value": "CloudFoundation"
    },
    "FinancialOwner": {
      "value": "CloudFoundation"
    },
    "OpsOwner": {
      "value": "IntegrationOffice"
    },
    "NSGSingleAddorMultiple": {
      "value": "Single"
    },
    "_artifactsLocation": {
      "value": null
    },
    "_artifactsLocationSasToken": {
      "value": null
    },
    "servicenowUrl": {
      "value": "https://enecodev.service-now.com"
    },
    "servicenowUser": {
      "value": "superadmin"
    },
    "SNOWkeyvaultname": {
      "value": "string"
    },
    "SNOWsecretName": {
      "value": "string"
    },
    "midServerName": {
      "value": "admin"
    },
    "nestedScriptFolder": {
      "value": "https://indarmtemplatesstr.blob.core.windows.net/arm-templates-srikant/midserver"
    },
    "nestedScriptFileName": {
      "value": "ServiceNOWMid.ps1"
    },
    "midJavaAppLocation": {
      "value": "https://indarmtemplatesstr.blob.core.windows.net/arm-templates-srikant/midserver/mid.kingston-10-17-2017__patch3-02-21-2018_03-02-2018_1305.windows.x86-64.zip"
    },
    "vaultResourceGroupName": {
      "value": "rg-keyvault-ss-501"
    },
    "existingvirtualNetworkName": {
      "value": "vnet-t-201"
    },
    "virtualNetworkResourceGroupName": {
      "value": "rg-vnet-platform-t-201"
    }
  }
}