﻿{
  "$schema": "https://schema.management.azure.com/schemas/2015-01-01/deploymentParameters.json#",
  "contentVersion": "1.0.0.0",
  "parameters": {
    "FinancialOwner": {
      "value": "Unassigned"
    },
    "Environment": {
      "value": "Sandbox"
    },
    "OpsOwner": {
      "value": "sogetieneco.in@capgemini.com"
    },
    "DName": {
      "value": "sb"
    },
    "Zone": {
      "value": "af"
    },
    "AppName": {
      "value": "sflake"
    },
    "NSGProperties": {
      "value": {
        "SecurityRules": [
          {
            "name": "ALLOW_INTERNET_OUT",
            "properties": {
              "description": "Allow outbound traffic from all VMs to Internet",
              "protocol": "*",
              "access": "Allow",
              "priority": 101,
              "direction": "Outbound",
              "sourcePortRange": "*",
              "destinationPortRange": "*",
              "sourceAddressPrefix": "*",
              "destinationAddressPrefix": "Internet",
              "sourcePortRanges": [],
              "destinationPortRanges": [],
              "sourceAddressPrefixes": [],
              "destinationAddressPrefixes": []
            }
          },
          {
            "name": "ALLOW_JUMPBOX_IN",
            "properties": {
              "description": "Allo RDP from the Source",
              "protocol": "*",
              "access": "Allow",
              "priority": 201,
              "direction": "Inbound",
              "sourcePortRange": "*",
              "destinationPortRange": "*",
              "sourceAddressPrefix": "10.73.0.64/28",
              "destinationAddressPrefix": "10.73.128.48/28",
              "sourcePortRanges": [],
              "destinationPortRanges": [],
              "sourceAddressPrefixes": [],
              "destinationAddressPrefixes": []
            }
          },
          {
            "name": "ALLOW_LOCALNET_IN",
            "properties": {
              "protocol": "*",
              "access": "Allow",
              "priority": 202,
              "direction": "Inbound",
              "sourcePortRange": "*",
              "destinationPortRange": "*",
              "sourceAddressPrefix": "10.73.128.48/28",
              "destinationAddressPrefix": "10.73.128.48/28",
              "sourcePortRanges": [],
              "destinationPortRanges": [],
              "sourceAddressPrefixes": [],
              "destinationAddressPrefixes": []
            }
          },
          {
            "name": "ALLOW_RDP_IN",
            "properties": {
              "protocol": "TCP",
              "access": "Allow",
              "priority": 203,
              "direction": "Inbound",
              "sourcePortRange": "*",
              "destinationPortRange": "3389",
              "destinationAddressPrefix": "10.73.128.48/28",
              "sourcePortRanges": [],
              "destinationPortRanges": [],
              "sourceAddressPrefixes": [
                "10.120.0.0/14",
                "10.128.220.0/22",
                "10.128.0.0/20"
              ],
              "destinationAddressPrefixes": [],
              "sourceAddressPrefix": ""
            }
          },
          {
            "name": "DENY_ALL_IN",
            "properties": {
              "description": "Deny all inbound traffic",
              "protocol": "*",
              "access": "Deny",
              "priority": 4096,
              "direction": "Inbound",
              "sourcePortRange": "*",
              "destinationPortRange": "*",
              "sourceAddressPrefix": "*",
              "destinationAddressPrefix": "*",
              "sourcePortRanges": [],
              "destinationPortRanges": [],
              "sourceAddressPrefixes": [],
              "destinationAddressPrefixes": []
            }
          }
        ]
      }
    }
  }
}