{
  "$schema": "https://schema.management.azure.com/schemas/2015-01-01/deploymentTemplate.json#",
  "contentVersion": "1.0.0.0",
  "parameters": {
    "FinancialOwner": {
      "defaultValue": "Unassigned",
      "type": "string",
      "metadata": {
        "description": "Financial owner and thus Accountable for resource"
      }
    },
    "Environment": {
      "defaultValue": "Development",
      "allowedValues": [ "SharedServices", "Sandbox", "Development", "Test", "Acceptance", "Production" ],
      "type": "string",
      "metadata": {
        "description": "Identify the environment in which the application is running "
      }
    },
    "OpsOwner": {
      "type": "string",
      "metadata": {
        "description": "Name of the Owner of the Azure Resource"
      }
    },
    "AppName": {
      "type": "string",
      "defaultValue": "app1",
      "maxLength": 15,
      "minLength": 2,
      "metadata": {
        "description": "The name of the application"
      }
    },
    "Dname": {
      "type": "string",
      "allowedValues": [ "p", "a", "t", "d", "sb", "ss", "sbdt" ],
      "metadata": {
        "description": "Name of the Vault"
      }
    },
    "skuName": {
      "type": "string",
      "defaultValue": "Standard",
      "allowedValues": [
        "Standard"
      ],
      "metadata": {
        "description": "SKU for the vault"
      }
    }
  },
  "variables": {
    "recoveryvaultName":"[concat('vault','-',parameters('DName'))]"
   
  },
  "resources": [
    {
      "type": "Microsoft.RecoveryServices/vaults",
      "apiVersion": "2016-06-01",
      "name": "[variables('recoveryvaultName')]",
      "location": "[resourceGroup().location]",
      "sku": {
        "name": "RS0",
        "tier": "[parameters('skuName')]"
      },
      "properties": {},
      "tags": {
        "Environment": "[parameters('Environment')]",
        "AppName": "[parameters('AppName')]",
        "FinancialOwner": "[parameters('FinancialOwner')]",
        "OpsOwner": "[parameters('OpsOwner')]"
      }
    }
  ]
}