{
    "$schema": "http://schema.management.azure.com/schemas/2015-01-01/deploymentParameters.json#",
    "contentVersion": "1.0.0.0",
    "parameters": {
        "FinancialOwner": {
            "value": "gilbert"
          },
          "Environment": {
            "value": "Test"
          },
          "OpsOwner": {
            "value": "gilbert"
          },
          "AppName": {
            "value": "backup"
          },
          "Dname": {
            "value": "a"
          },
            "skuName": {
                "value": "Standard"
          }
    }
  }