﻿{
    "$schema": "https://schema.management.azure.com/schemas/2015-01-01/deploymentParameters.json#",
    "contentVersion": "1.0.0.0",
  "parameters": {
    "Purpose": {
      "value": "Platform"
    },
    "Dname": {
      "value": "ss"
    },
    "Dno": {
      "value": "501"
    },
    "HDname": {
      "value": "sb"
    },
    "HDno": {
      "value": "401"
    },
    "SubscriptionID": {
      "value": "7b1ba02e-bac6-4c45-83a0-7f0d3104922e"
    },
    "AllowVirtualNetworkAccess": {
      "value": "true"
    },
    "AllowForwardedTraffic": {
      "value": "true"
    },
    "AllowGatewayTransit": {
      "value": "true"
    },
    "UseRemoteGateways": {
      "value": "false"
    }
  }
}