{
  "$schema": "https://schema.management.azure.com/schemas/2015-01-01/deploymentTemplate.json#",
  "contentVersion": "1.0.0.0",
  "parameters": {
    "_artifactsLocation": {
      "type": "string"
    },
    "_artifactsLocationSasToken": {
      "type": "securestring"
    },
    "Dname": {
      "type": "string"
    }

  },
  "variables": {

  },
  "resources": [
    {
      "name": "pdcNic",
      "type": "Microsoft.Resources/deployments",
      "apiVersion": "2017-05-10",
      "dependsOn": [],
      "properties": {
        "mode": "Incremental",
        "templateLink": {
          "uri": "[concat(parameters('_artifactsLocation'), '/nic/azuredeploy.json', parameters('_artifactsLocationSasToken'))]",
          "contentVersion": "1.0.0.0"
        },
        "parametersLink": {
          "uri": "[concat(parameters('_artifactsLocation'), '/adds/parameters/',parameters('Dname'), '/pdcNic.parameters.json' , parameters('_artifactsLocationSasToken'))]",
          "contentVersion": "1.0.0.0"
        }
      }
    },
    {
      "name": "bdcNic",
      "type": "Microsoft.Resources/deployments",
      "apiVersion": "2017-05-10",
      "dependsOn": [
        "[resourceId('Microsoft.Resources/deployments','pdcNic')]"
      ],
      "properties": {
        "mode": "Incremental",
        "templateLink": {
          "uri": "[concat(parameters('_artifactsLocation'), '/nic/azuredeploy.json', parameters('_artifactsLocationSasToken'))]",
          "contentVersion": "1.0.0.0"
        },
        "parametersLink": {
          "uri": "[concat(parameters('_artifactsLocation'), '/adds/parameters/',parameters('Dname'), '/bdcNic.parameters.json' , parameters('_artifactsLocationSasToken'))]",
          "contentVersion": "1.0.0.0"
        }
      }
    },
    {
      "name": "pdcVM",
      "type": "Microsoft.Resources/deployments",
      "apiVersion": "2017-05-10",
      "dependsOn": [
        "[resourceId('Microsoft.Resources/deployments','pdcNic')]",
        "[resourceId('Microsoft.Resources/deployments','availabilityset')]"
      ],
      "properties": {
        "mode": "Incremental",
        "templateLink": {
          "uri": "[concat(parameters('_artifactsLocation'), '/Azure_VM_OMS_Backup/Microsoft.Compute/VM.json', parameters('_artifactsLocationSasToken'))]",
          "contentVersion": "1.0.0.0"
        },
        "parametersLink": {
          "uri": "[concat(parameters('_artifactsLocation'), '/adds/parameters/',parameters('Dname'), '/pdcVm.parameters.json' , parameters('_artifactsLocationSasToken'))]",
          "contentVersion": "1.0.0.0"
        }
      }
    },
    {
      "name": "bdcVM",
      "type": "Microsoft.Resources/deployments",
      "apiVersion": "2017-05-10",
      "dependsOn": [
        "[resourceId('Microsoft.Resources/deployments','bdcNic')]",
        "[resourceId('Microsoft.Resources/deployments','availabilityset')]"
      ],
      "properties": {
        "mode": "Incremental",
        "templateLink": {
          "uri": "[concat(parameters('_artifactsLocation'), '/Azure_VM_OMS_Backup/Microsoft.Compute/VM.json', parameters('_artifactsLocationSasToken'))]",
          "contentVersion": "1.0.0.0"
        },
        "parametersLink": {
          "uri": "[concat(parameters('_artifactsLocation'), '/adds/parameters/',parameters('Dname'), '/bdcVm.parameters.json' , parameters('_artifactsLocationSasToken'))]",
          "contentVersion": "1.0.0.0"
        }
      }
    },
    {
      "name": "availabilityset",
      "type": "Microsoft.Resources/deployments",
      "apiVersion": "2017-05-10",
      "dependsOn": [],
      "properties": {
        "mode": "Incremental",
        "templateLink": {
          "uri": "[concat(parameters('_artifactsLocation'), '/availabilitysets/azuredeploy.json', parameters('_artifactsLocationSasToken'))]",
          "contentVersion": "1.0.0.0"
        },
        "parametersLink": {
          "uri": "[concat(parameters('_artifactsLocation'), '/adds/parameters/',parameters('Dname'), '/availabilityset.parameters.json' , parameters('_artifactsLocationSasToken'))]",
          "contentVersion": "1.0.0.0"
        }
      }
    }
  ],
  "outputs": {}
}
