{
  "$schema": "https://schema.management.azure.com/schemas/2015-01-01/deploymentParameters.json#",
  "contentVersion": "1.0.0.0",
  "parameters": {

    "Zone": {
      "value": "mm"
    },
    "NicProperties": {
      "value": {
        "ipConfigurations": [
          {
            "name": "ipconfig1",
            "properties": {
              "privateIPAllocationMethod": "Static",
              "privateIPAddress": "10.74.0.87",
              "subnet": {
                "id": "/subscriptions/da29ede9-8464-467d-981b-258ef454a8a2/resourceGroups/rg-vnet-platform-a-101/providers/Microsoft.Network/virtualNetworks/vnet-a-101/subnets/subnet-mmadds-a"
              }
            }
          }
        ],
        "dnsSettings": {
          "dnsServers": [
            "10.74.0.86"
          ]

        }
      }
    },
    "DNo": {
      "value": "102"
    },
    "FinancialOwner": {
      "value": "SogetiCapgemini"
    },
    "OpsOwner": {
      "value": "SogetiCapgemini"
    },
    "AppName": {
      "value": "mmadds-102-nic"
    },
    "Environment": {
      "value": "Acceptance"
    }
  }
}
