﻿{
  "$schema": "https://schema.management.azure.com/schemas/2015-01-01/deploymentTemplate.json#",
  "contentVersion": "1.0.0.0",
  "parameters": {
    "_artifactsLocation": {
      "type": "string"
    },
    "_artifactsLocationSasToken": {
      "type": "securestring"
    },
    "configurationParameters": {
      "type": "object"
    }
  },
  "variables": {
    "apimInstanceName": "[concat(parameters('configurationParameters').apiManagementServiceName, parameters('configurationParameters').environment)]",
    "apiName": "consumption"
  },
  "resources": [
    {
      "type": "Microsoft.ApiManagement/service/apis",
      "apiVersion": "2018-01-01",
      "name": "[concat(variables('apimInstanceName'), '/' , variables('apiName'))]",
      "properties": {
        "displayName": "Verbruiken Platform Consumption API",
        "description": "",
        "apiRevision": "1",
        "serviceUrl": "https://ebsaz-appservice-vp-core-webapi-o.azurewebsites.net/api/consumption",
        "path": "api/consumption",
        "protocols": [
          "https"
        ],
        "subscriptionKeyParameterNames": {
          "header": "Ocp-Apim-Subscription-Key",
          "query": "subscription-key"
        }
      }
    },
    {
      "type": "Microsoft.ApiManagement/service/apis/policies",
      "apiVersion": "2018-01-01",
      "name": "[concat(variables('apimInstanceName'), '/', variables('apiName'), '/policy')]",
      "properties": {
        "policyContent": "[concat(parameters('_artifactsLocation'),'/Microsoft.ApiManagement/Templates/APIs/VerbruikenPlatformConsumptionApi/Policy-VP-Base.xml', parameters('_artifactsLocationSasToken'))]",
        "contentFormat": "rawxml-link"
      },
      "dependsOn": [
        "[resourceId('Microsoft.ApiManagement/service/apis', variables('apimInstanceName'), variables('apiName'))]"
      ]    
    },
    {
      "comments": "Verbruiken Platform Consumption Aggregated Operation",
      "apiVersion": "2017-05-10",
      "name": "VerbruikenPlatformConsumptionAggregatedOperation",
      "type": "Microsoft.Resources/deployments",
      "properties": {
        "mode": "Incremental",
        "templateLink": {
          "uri": "[concat(parameters('_artifactsLocation'),'/Microsoft.ApiManagement/Templates/APIs/VerbruikenPlatformConsumptionApi/VerbruikenPlatformConsumptionAggregatedOperation.json', parameters('_artifactsLocationSasToken'))]",
          "contentVersion": "1.0.0.0"
        },
        "parameters": {
          "configurationParameters": {
            "value": "[parameters('configurationParameters')]"
          },
          "_artifactsLocation": {
            "value": "[parameters('_artifactsLocation')]"
          },
          "_artifactsLocationSasToken": {
            "value": "[parameters('_artifactsLocationSasToken')]"
          }
        }
      },
      "dependsOn": [
        "[resourceId('Microsoft.ApiManagement/service/apis', variables('apimInstanceName'), variables('apiName'))]"
      ]
    },
    {
      "comments": "Verbruiken Platform Consumption AggregatedByTag Operation",
      "apiVersion": "2017-05-10",
      "name": "VerbruikenPlatformConsumptionAggregatedByTagOperation",
      "type": "Microsoft.Resources/deployments",
      "properties": {
        "mode": "Incremental",
        "templateLink": {
          "uri": "[concat(parameters('_artifactsLocation'),'/Microsoft.ApiManagement/Templates/APIs/VerbruikenPlatformConsumptionApi/VerbruikenPlatformConsumptionAggregatedByTagOperation.json', parameters('_artifactsLocationSasToken'))]",
          "contentVersion": "1.0.0.0"
        },
        "parameters": {
          "configurationParameters": {
            "value": "[parameters('configurationParameters')]"
          },
          "_artifactsLocation": {
            "value": "[parameters('_artifactsLocation')]"
          },
          "_artifactsLocationSasToken": {
            "value": "[parameters('_artifactsLocationSasToken')]"
          }
        }
      },
      "dependsOn": [
        "[resourceId('Microsoft.ApiManagement/service/apis', variables('apimInstanceName'), variables('apiName'))]"
      ]
    },
    {
      "comments": "Verbruiken Platform Consumption GetConsumptionsPost Operation",
      "apiVersion": "2017-05-10",
      "name": "VerbruikenPlatformConsumptionGetConsumptionsPostOperation",
      "type": "Microsoft.Resources/deployments",
      "properties": {
        "mode": "Incremental",
        "templateLink": {
          "uri": "[concat(parameters('_artifactsLocation'),'/Microsoft.ApiManagement/Templates/APIs/VerbruikenPlatformConsumptionApi/VerbruikenPlatformConsumptionGetConsumptionsPostOperation.json', parameters('_artifactsLocationSasToken'))]",
          "contentVersion": "1.0.0.0"
        },
        "parameters": {
          "configurationParameters": {
            "value": "[parameters('configurationParameters')]"
          },
          "_artifactsLocation": {
            "value": "[parameters('_artifactsLocation')]"
          },
          "_artifactsLocationSasToken": {
            "value": "[parameters('_artifactsLocationSasToken')]"
          }
        }
      },
      "dependsOn": [
        "[resourceId('Microsoft.ApiManagement/service/apis', variables('apimInstanceName'), variables('apiName'))]"
      ]
    },
    {
      "comments": "Verbruiken Platform Consumption GetInfo Operation",
      "apiVersion": "2017-05-10",
      "name": "VerbruikenPlatformConsumptionGetInfoOperation",
      "type": "Microsoft.Resources/deployments",
      "properties": {
        "mode": "Incremental",
        "templateLink": {
          "uri": "[concat(parameters('_artifactsLocation'),'/Microsoft.ApiManagement/Templates/APIs/VerbruikenPlatformConsumptionApi/VerbruikenPlatformConsumptionGetInfoOperation.json', parameters('_artifactsLocationSasToken'))]",
          "contentVersion": "1.0.0.0"
        },
        "parameters": {
          "configurationParameters": {
            "value": "[parameters('configurationParameters')]"
          },
          "_artifactsLocation": {
            "value": "[parameters('_artifactsLocation')]"
          },
          "_artifactsLocationSasToken": {
            "value": "[parameters('_artifactsLocationSasToken')]"
          }
        }
      },
      "dependsOn": [
        "[resourceId('Microsoft.ApiManagement/service/apis', variables('apimInstanceName'), variables('apiName'))]"
      ]
    }
  ],
  "outputs": {
  }
}
