﻿{
  "$schema": "https://schema.management.azure.com/schemas/2015-01-01/deploymentTemplate.json#",
  "contentVersion": "1.0.0.0",
  "parameters": {
    "configurationParameters": {
      "type": "object"
    },
    "dependencies": {
      "type": "object"
    }
  },
  "variables": {
    "logicAppName": "[concat(parameters('configurationParameters').logicAppName, parameters('configurationParameters').environment)]"
  },
  "resources": [
    {
      "type": "Microsoft.Logic/workflows",
      "apiVersion": "2016-06-01",
      "name": "[variables('logicAppName')]",
      "dependsOn": [],
      "location": "[resourceGroup().location]",
      "properties": {
        "definition": {
          "$schema": "https://schema.management.azure.com/providers/Microsoft.Logic/schemas/2016-06-01/workflowdefinition.json#",
          "contentVersion": "1.0.0.0",
          "parameters": {
            "$connections": {
              "defaultValue": {},
              "type": "Object"
            }
          },
          "triggers": {
            "Recurrence": {
              "recurrence": {
                "frequency": "[parameters('configurationParameters').recurrencesLogicApp.frequency]",
                "interval": "[parameters('configurationParameters').recurrencesLogicApp.interval]",
                "schedule": {
                  "hours": [
                    "[parameters('configurationParameters').recurrencesLogicApp.hours]"
                  ],
                  "minutes": [
                    "[parameters('configurationParameters').recurrencesLogicApp.minutes]"
                  ]
                },
                "timeZone": "W. Europe Standard Time"
              },
              "type": "Recurrence"
            }
          },
          "actions": {
            "HTTP": {
              "runAfter": {},
              "type": "Http",
              "inputs": {
                "method": "GET",
                "uri": "https://www.google.com"
              }
            }
          },
          "outputs": {}
        },
        "parameters": {
          "$connections": {
            "value": {
              "azuretables": {
                "connectionId": "[resourceId('Microsoft.Web/connections', parameters('dependencies').apiConnections.connectionTableStorageName)]",
                "id": "[concat(subscription().id, '/providers/Microsoft.Web/locations/', resourceGroup().location, '/managedApis/azuretables')]"
              }
            }
          }
        }
      }
    }
  ],
  "outputs": {}
}
