{
  "$schema": "https://schema.management.azure.com/schemas/2015-01-01/deploymentTemplate.json#",
  "contentVersion": "1.0.0.0",
  "parameters": {
    "AppName": {
      "defaultValue": "appname",
      "type": "string",
      "minLength": 1
    },
    "FinancialOwner": {
      "defaultValue": "Unassigned",
      "type": "string",
      "metadata": {
        "description": "Financial owner and thus Accountable for resource"
      }
    },
    "Environment": {
      "defaultValue": "Development",
      "allowedValues": [ "SharedServices", "Sandbox", "Development", "Test", "Acceptance", "Production" ],
      "type": "string",
      "metadata": {
        "description": "Identify the environment in which the application is running "
      }
    },
    "OpsOwner": {
      "type": "string",
      "defaultValue": "Unassigned",
      "metadata": {
        "description": "Name of the Owner of the Azure Resource"
      }
    },
    "platformUpdateDomainCount": {
      "type": "int",
      "defaultValue": 1
    },
    "platformFaultDomainCount": {
      "type": "int",
      "defaultValue": 1
    }
  },
  "variables": {},
  "resources": [
    {
      "name": "[parameters('AppName')]",
      "type": "Microsoft.Compute/availabilitySets",
      "location": "[resourceGroup().location]",
      "apiVersion": "2015-06-15",
      "dependsOn": [],
      "tags": {
        "Environment": "[parameters('Environment')]",
        "AppName": "[parameters('AppName')]",
        "FinancialOwner": "[parameters('FinancialOwner')]",
        "OpsOwner": "[parameters('OpsOwner')]"
      },
      "properties": {
        "platformUpdateDomainCount": "[parameters('platformUpdateDomainCount')]",
        "platformFaultDomainCount": "[parameters('platformFaultDomainCount')]"
      }
    }
  ],
  "outputs": {}
}
