{
    "$schema": "https://schema.management.azure.com/schemas/2015-01-01/deploymentTemplate.json#",
    "contentVersion": "1.0.0.0",
    "parameters": {
      "FinancialOwner": {
        "defaultValue": "Sogeti-Capgemini",
        "type": "string",
        "metadata": {
          "description": "Financial owner and thus Accountable for resource"
        }
      },
      "Environment": {
        "defaultValue": "SharedServices",
        "allowedValues": [ "SharedServices", "Sandbox", "Development", "Test", "Acceptance", "Production" ],
        "type": "string",
        "metadata": {
          "description": "Identify the environment in which the application is running "
        }
      },
      "OpsOwner": {
        "type": "string",
        "defaultValue": "Sogeti-Capgemini",
        "metadata": {
          "description": "Name of the Owner of the Azure Resource"
        }
      },
      "DName": {
        "defaultValue": "ss",
        "allowedValues": [ "ss", "sb", "d", "t", "a", "p" ],
        "minLength": 1,
        "maxLength": 2,
        "type": "string",
        "metadata": {
          "description": "The name of the environment within DTAP."
          }
        },
        "Zone": {
          "type": "string",
          "defaultValue": "mm",
          "allowedValues": [ "af", "ab", "db", "mm" ],
          "maxLength": 2,
          "minLength": 1,
          "metadata": {
            "description": "Role of the VM"
          }
        },
        "AppName": {
          "type": "string",
          "defaultValue": "app4",
          "maxLength": 15,
          "minLength": 2,
          "metadata": {
            "description": "The name of the application"
          }
        },
          "NSGProperties" :{
            "type": "object"
          }
    },
    "variables": {
        "NSGName": "[concat('nsg-',parameters('zone'),parameters('AppName'),'-',parameters('DName'))]"
      },
    "resources": [
    {
        "name": "[variables('NSGName')]",
        "type": "Microsoft.Network/networkSecurityGroups",
        "apiVersion": "2017-10-01",
        "location": "[resourceGroup().location]",
        "tags": {
          "Environment": "[parameters('Environment')]",
          "AppName": "[parameters('AppName')]",
          "FinancialOwner": "[parameters('FinancialOwner')]",
          "OpsOwner": "[parameters('OpsOwner')]"
        },
        "properties": "[parameters('NSGProperties')]"
        }
  ]
}