{
  "$schema": "https://schema.management.azure.com/schemas/2015-01-01/deploymentParameters.json#",
  "contentVersion": "1.0.0.0",
  "parameters": {
    "_artifactsLocation": {
      "value": ""
    },
    "_artifactsLocationSasToken": {
      "value": ""
    },
    "FinancialOwner": {
      "value": "Unassigned"
    },
    "Environment": {
      "value": "Development"
    },
    "OpsOwner": {
      "value": "Unassigned"
    },
    "Purpose": {
      "value": "app"
    },
    "DName": {
      "value": "d"
    },
    "DNo": {
      "value": "301"
    },
    "Zone": {
      "value": "db"
    },
    "AppName": {
      "value": "app4"
    },
    "ExistingVirtualNetworkName": {
      "value": "vnet-ss-501"
    },
    "ExistingVirtualNetworkRGName": {
      "value": "rg-vnet-platform-ss-501"
    },
    "ExistingSubnetName": {
      "value": "subnet-dbapp4-d"
    },
    "ExistingKeyvaultName": {
      "value": "keyvault-build-sb-401"
    },
    "ExistingKeyvaultRGName": {
      "value": "rg-cicd-platform-sb-401"
    },
    "ExistingStorageAccountName": {
      "value": "storagediagsb"
    },
    "AdminUsername": {
      "value": "enecoadmin"
    },
    "AvailabilitySet": {
      "value": "Yes"
    },
    "OSType": {
      "value": "Windows"
    },
    "OSVersion": {
      "value": "2012-R2-Datacenter"
    },
    "VMSize": {
      "value": "Standard_A1"
    },
    "DataDiskSize": {
      "value": 100
    },
    "PublicIPAddress": {
      "value": "Dynamic"
    },
    "WorkspaceRG": {
      "value": "rg-oms-platform-sbdt-601"
    },
    "WorkspaceName": {
      "value": "oms-servicenow-sbdt-601"
    },
    "BackupEnable": {
      "value": "Yes"
    },
    "BackupVaultRGName": {
      "value": "rg-backup-platform-sbdt-601"
    },
    "BackupVaultName": {
      "value": "vault-sbdt"
    },
    "BackupFabricName": {
      "value": "Azure"
    },
    "BackupPolicyName": {
      "value": "DefaultPolicy"
    },
    "Daily Power On/Off Schedule": {
      "value": "No"
    },
    "PowerOnSchedule": {
      "value": 6
    },
    "PowerOffSchedule": {
      "value": 19
    },
    "typeHandlerVersion": {
      "value": "1.0"
    },
    "OMS": {
      "value": "MicrosoftMonitoringAgent"
    },
    "offer": {
      "value": "WindowsServer"
    }
  }
}