{
  "$schema": "http://schema.management.azure.com/schemas/2015-01-01/deploymentParameters.json#",
  "contentVersion": "1.0.0.0",
  "parameters": {

    "_artifactsLocation": {
      "value": null
    },
    "_artifactsLocationSasToken": {
      "value": null
    },

    "AppName": {
      "value": "nva"
    },
    "ccClusterName": {
      "value": "ccclusterngf"
    },
    "Environment": {
      "value": "SharedServices"
    },

    "Purpose": {
      "value": "platform"
    },
    "ccIpAddress": {
      "value": ""
    },
    "ccManaged": {
      "value": "no"
    },
    "ccRangeId": {
      "value": ""
    },
    "ccSecret": {
      "value": ""
    },
    "Dname": {
      "value": "ss"
    },
    "DNo": {
      "value": "501"
    },
    "DNo1": {
      "value": "502"
    },
    "imageSKU": {
      "value": "hourly"
    },
    "imageVersion": {
      "value": "latest"
    },
    "subnetNGF-external": {
      "value": "10.73.0.16/28"
    },
    "subnetNGF-internal": {
      "value": "10.73.0.32/28"
    },
    "staticIP": {
      "value": "10.73.0.39"
    },

    "vmSize": {
      "value": "Standard_F2s"
    },
    "existingvirtualNetworkName": {
      "value": "vnet-ss-501"
    },
    "virtualNetworkResourceGroupName": {

      "value": "rg-vnet-platform-ss-501"
    },

    "zone": {
      "value": "mm"
    },

    "FinancialOwner": {
      "value": "Sogeti-Capgemini"
    },
    "OpsOwner": {
      "value": "Sogeti-Capgemini"
    },
    "AdminUsername": {
      "value": "cgasroot"
    },
    "VMsecretName": {
      "value": "cgasroot"
    }
  }
}