{
  "$schema": "http://schema.management.azure.com/schemas/2015-01-01/deploymentParameters.json#",
  "contentVersion": "1.0.0.0",
  "parameters": {

    "_artifactsLocation": {
      "value": null
    },
    "_artifactsLocationSasToken": {
      "value": null
    },

    "AppName": {
      "value": "nva"
    },

    "FinancialOwner": {
      "value": "Sogeti-Capgemini"
    },
    "OpsOwner": {
      "value": "Sogeti-Capgemini"
    },
    "ccClusterName": {

      "value": "ccclusterngf"

    },

    "VMsecretName": {
      "value": "root"
    },

    "adminUsername": {
      "value": "root"
    },

    "Purpose": {
      "value": "platform"

    },
    "ccIpAddress": {
      "value": ""
    },
    "ccManaged": {
      "value": "no"
    },
    "ccRangeId": {
      "value": ""
    },
    "ccSecret": {
      "value": ""
    },
    "Dname": {
      "value": "p"
    },
    "Dno": {
      "value": "001"
    },
    "Dno1": {
      "value": "002"
    },
    "imageSKU": {
      "value": "hourly"
    },
    "imageVersion": {
      "value": "latest"
    },
    "subnetNGF-external": {
      "value": "10.75.0.16/28"
    },
    "subnetNGF-internal": {
      "value": "10.75.0.32/28"
    },
    "vmSize": {
      "value": "Standard_F2s"
    },

    "staticIP": {
      "value": "10.75.0.39"
    },

    "existingvirtualNetworkName": {
      "value": "vnet-p-001"
    },
    "virtualNetworkResourceGroupName": {

      "value": "rg-vnet-platform-p-001"
    },

    "zone": {
      "value": "mm"
    }

  }
}