{
    "$schema": "https://schema.management.azure.com/schemas/2015-01-01/deploymentTemplate.json#",
    "contentVersion": "1.0.0.0",
  "parameters": {

    "_artifactsLocation": {
      "type": "string"
    },
    "_artifactsLocationSasToken": {
      "type": "string"
    },

    "Dname": {
      "type": "string",
      "defaultValue": "a",
      "allowedValues": [ "p", "a", "t", "o", "ot", "sb", "ss" ],
      "maxLength": 2,
      "minLength": 1,
      "metadata": {
        "description": "The name of the envirnment "
      }
    },

    "FinancialOwner": {
      "type": "string",
      "defaultValue": "Unassigned",
      "metadata": {
        "description": "Financial owner and thus Accountable for resource"
      }
    },
    "OpsOwner": {
      "type": "string",
      "defaultValue": "DevOpsTeam1@eneco.com",
      "metadata": {
        "description": "This should be an email of a person or a group that is responsible for the resource."
      }
    },

    "AppName": {
      "type": "string",
      "defaultValue": "nva",
      "maxLength": 3,
      "minLength": 2,
      "metadata": {
        "description": "The name of the application"
      }
    },

    "zone": {
      "type": "string",
      "defaultValue": "mm",
      "allowedValues": [ "af", "ab", "db", "mm" ],
      "maxLength": 2,
      "minLength": 1,
      "metadata": {
        "description": "The name of the zone where an object is located"
      }
    },

    "DNo": {
      "type": "string",
      "defaultValue": "101",
      "metadata": {
        "description": "The DNo indicates the number of the application amonmgs the evironmnets, For test 201-299, Dev 301-399 and Sandbox 401-499 "
      }
    },
    "DNo1": {
      "type": "string",
      "defaultValue": "101",
      "metadata": {
        "description": "The DNo indicates the number of the application amongs the evironmnets, For Prod 001-099, Acc 101-199, test 201-299, Dev 301-399, Sandbox 401-499, SDT 501-599"
      }
    },
    "Environment": {
      "type": "string",
      "defaultValue": "Acceptance",
      "allowedValues": [
        "Development",
        "Sandbox",
        "Test",
        "Acceptance",
        "Production",
        "SharedServices"
      ],
      "metadata": {
        "description": "Identify the environment in which the application is running "
      }
    },
    "staticIP": {
      "type": "string",
      "defaultValue": "10.74.0.39",
      "allowedValues": [
        "10.73.0.39",
        "10.74.0.39",
        "10.75.0.39"
      ],
      "metadata": {
        "description": "Financial owner and thus Accountable for resource"
      }
    },


    "Purpose": {
      "type": "string",
      "defaultValue": "platform",
      "maxLength": 8,
      "minLength": 3,
      "allowedValues": [ "app", "core", "platform" ],
      "metadata": {
        "description": "Purpose of the VM"
      }
    },



    "VMsecretName": {
      "defaultValue": "root",
      "type": "string",
      "metadata": {
        "description": "The Vault secret name of VM"
      }
    },


    "AdminUsername": {
      "type": "string",
      "defaultValue": "cgasroot"
    },


    "subnetNGF-external": {
      "type": "string",
      "metadata": {
        "description": "Network range of the Subnet containing the NextGen Firewall"
      },
      "defaultValue": "10.74.0.16/28"
    },
    "subnetNGF-internal": {
      "type": "string",
      "metadata": {
        "description": "Network range of the Subnet containing the NextGen Firewall "
      },
      "defaultValue": "10.74.0.32/28"
    },

    "imageVersion": {
      "type": "string",
      "defaultValue": "latest",
      "allowedValues": [ "latest", "7.2.015801", "7.1.105601", "7.1.037103" ],
      "metadata": {
        "description": "Version of the Barracuda CloudGen Firewall"
      }
    },


    "imageSKU": {
      "type": "string",
      "metadata": {
        "description": "SKU Hourly (PAYG) or BYOL (Bring your own license)"
      },
      "allowedValues": [
        "hourly",
        "byol",
        "payg"

      ],
      "defaultValue": "hourly"


    },
    "vmSize": {
      "type": "string",
      "metadata": {
        "description": "Size of the VMs to be created"
      },
      "allowedValues": [
        "Standard_F1s",
        "Standard_F2s",
        "Standard_D1_v2",
        "Standard_D2_v2"

      ],
      "defaultValue": "Standard_F2s"
    },
    "ccManaged": {
      "type": "string",
      "allowedValues": [
        "yes",
        "no"
      ],
      "defaultValue": "no"
    },

    "ccClusterName": {
      "type": "string",
      "defaultValue": "ccclusterngf"
    },

    "ccRangeId": {
      "type": "string",
      "defaultValue": ""
    },
    "ccIpAddress": {
      "type": "string",
      "defaultValue": ""
    },
    "ccSecret": {
      "type": "securestring",
      "defaultValue": ""
    },
    "existingvirtualNetworkName": {
      "defaultValue": "vnet-a-101",
      "allowedValues": [
        "vnet-ss-501",
        "vnet-sb-401",
        "vnet-d-301",
        "vnet-t-201",
        "vnet-a-101",
        "vnet-a-102",
        "vnet-p-001",
        "vnet-p-002"
      ],
      "type": "string",
      "metadata": {
        "description": "Existing Virtual Network name"
      }
    },
    "virtualNetworkResourceGroupName": {
      "defaultValue": "rg-vnet-platform-a-101",
      "allowedValues": [
        "rg-vnet-platform-ss-501",
        "rg-vnet-platform-sb-401",
        "rg-vnet-platform-d-301",
        "rg-vnet-platform-t-201",
        "rg-vnet-platform-a-101",
        "rg-vnet-platform-a-102",
        "rg-vnet-platform-p-001",
        "rg-vnet-platform-p-002"
      ],
      "type": "string",
      "metadata": {
        "description": "Existing Virtual Network ResourceGroup name"
      }
    },
    "imagePublisher": {
      "type": "string",
      "defaultValue": "barracudanetworks"
    },
    "imageOffer": {
      "type": "string",
      "defaultValue": "barracuda-ng-firewall"
    }

  },

  "variables": {

    "keyvaultname": "[concat('keyvault-',parameters('AppName'),'-',parameters('Dname'),'-',parameters('DNo'))]",
    "vaultResourceGroupName": "[concat('rg-',parameters('AppName'),'-',parameters('Purpose'),'-',parameters('Dname'),'-',parameters('DNo'))]",

    "imagePublisher": "barracudanetworks",
    "imageOffer": "barracuda-ng-firewall",
    "prefix": "[concat('vnet-',parameters('dname'),'-',parameters('DNo'))]",
    "vnetID": "[resourceId(parameters('virtualNetworkResourceGroupName'), 'Microsoft.Network/virtualNetworks', parameters('existingvirtualNetworkName'))]",

    "subnetNameNGF-external": "[concat('subnet-',parameters('AppName'),'-ext','-',parameters('DName'))]",
    "subnetNameNGF-internal": "[concat('subnet-',parameters('AppName'),'-int','-',parameters('DName'))]",
    "subnetRefNGF-external": "[concat(variables('vnetID'),'/subnets/',variables('subnetNameNGF-external'))]",
    "subnetRefNGF-internal": "[concat(variables('vnetID'),'/subnets/',variables('subnetNameNGF-internal'))]",

    "ngfVmName1": "[concat(parameters('zone'),'nva','-',parameters('DNo'))]",
    "ngfVmName2": "[concat(parameters('zone'),'nva','-',parameters('DNo1'))]",

    "ngfNicName1-external": "[concat(parameters('zone'),parameters('AppName'),'-NIC-',parameters('DNo'),'-1')]",
    "ngfNicName1-internal": "[concat(parameters('zone'),parameters('AppName'),'-NIC-',parameters('DNo'),'-2')]",
    "ngfNicName2-external": "[concat(parameters('zone'),parameters('AppName'),'-NIC-',parameters('DNo1'),'-1')]",
    "ngfNicName2-internal": "[concat(parameters('zone'),parameters('AppName'),'-NIC-',parameters('DNo1'),'-2')]",

    "ngfPIPAddressName1": "[concat(variables('ngfVmName1'),'-PIP')]",
    "ngfPIPAddressName2": "[concat(variables('ngfVmName2'),'-PIP')]",
    "ngfPIPAddressType": "Static",


    "lbPIPAddressName": "[concat(variables('prefix'),'-NGF-LB-PIP')]",
    "lbPIPID": "[resourceId('Microsoft.Network/publicIPAddresses',variables('lbPIPAddressName'))]",
    "lbName-internal": "[concat(parameters('zone'),parameters('AppName'),parameters('DName'),'-','ilb')]",
    "lbName-external": "[concat(parameters('zone'),parameters('AppName'),parameters('DName'),'-','lb')]",
    "lbID-external": "[resourceId('Microsoft.Network/loadBalancers',variables('lbName-external'))]",
    "lbID-internal": "[resourceId('Microsoft.Network/loadBalancers',variables('lbName-internal'))]",
    "lbFrontEndPoolID-external": "[concat(variables('lbID-external'),'/frontendIPConfigurations/loadBalancerFrontend')]",
    "lbFrontEndPoolID-internal": "[concat(variables('lbID-internal'),'/frontendIPConfigurations/loadBalancerFrontend')]",
    "lbBackEndPoolID-external": "[concat(variables('lbID-external'),'/backendAddressPools/',variables('bePoolName'))]",
    "lbBackEndPoolID-internal": "[concat(variables('lbID-internal'),'/backendAddressPools/',variables('bePoolName'))]",
    "lbProbeID-external": "[concat(variables('lbID-external'),'/probes/HealthProbe')]",
    "lbProbeID-internal": "[concat(variables('lbID-internal'),'/probes/HealthProbe')]",
    "lbIPAddress-internal": "[concat( variables( 'ngfSubnetAddrSplit-internal' )[0], '.', variables( 'ngfSubnetAddrSplit-internal' )[1], '.', variables( 'ngfSubnetAddrSplit-internal' )[2], '.', add( int( variables( 'ngfSubnetAddrSplit-internal' )[3]), 10 ))]",
    "bePoolName": "[concat(parameters('zone'),parameters('AppName'),parameters('DName'),'-','lb','-','be')]",

    "dnsNameForNGF": "[toLower( concat( variables('prefix'),'-ngf'))]",
    "singleQuotationMark": "'",

    "ngfSubnetSplit-external": "[split( parameters( 'subnetNGF-external' ), '/' )]",
    "ngfSubnetSplit-internal": "[split( parameters( 'subnetNGF-internal' ), '/' )]",
    "ngfSubnetAddrSplit-external": "[split( variables( 'ngfSubnetSplit-external' )[0], '.' )]",
    "ngfSubnetAddrSplit-internal": "[split( variables( 'ngfSubnetSplit-internal' )[0], '.' )]",
    "ngfSubnetMask-external": "[variables( 'ngfSubnetSplit-external' )[1]]",
    "ngfSubnetMask-internal": "[variables( 'ngfSubnetSplit-internal' )[1]]",
    "ngfSubnetDefaultGw-external": "[concat( variables( 'ngfSubnetAddrSplit-external' )[0], '.', variables( 'ngfSubnetAddrSplit-external' )[1], '.', variables( 'ngfSubnetAddrSplit-external' )[2], '.', add( int( variables( 'ngfSubnetAddrSplit-external' )[3]), 1 ))]",
    "ngfVmAddress1-external": "[concat( variables( 'ngfSubnetAddrSplit-external' )[0], '.', variables( 'ngfSubnetAddrSplit-external' )[1], '.', variables( 'ngfSubnetAddrSplit-external')[2], '.', add( int( variables( 'ngfSubnetAddrSplit-external' )[3]), 4 ))]",
    "ngfVmAddress1-internal": "[concat( variables( 'ngfSubnetAddrSplit-internal' )[0], '.', variables( 'ngfSubnetAddrSplit-external' )[1], '.', variables( 'ngfSubnetAddrSplit-internal' )[2], '.', add( int( variables( 'ngfSubnetAddrSplit-internal' )[3]), 4 ))]",
    "ngfVmAddress2-external": "[concat( variables( 'ngfSubnetAddrSplit-external' )[0], '.', variables( 'ngfSubnetAddrSplit-external' )[1], '.', variables( 'ngfSubnetAddrSplit-external' )[2], '.', add( int( variables( 'ngfSubnetAddrSplit-external' )[3]), 5 ))]",
    "ngfVmAddress2-internal": "[concat( variables( 'ngfSubnetAddrSplit-internal' )[0], '.', variables( 'ngfSubnetAddrSplit-external' )[1], '.', variables( 'ngfSubnetAddrSplit-internal' )[2], '.', add( int( variables( 'ngfSubnetAddrSplit-internal' )[3]), 5 ))]"
  },
    "resources": [

      {
        "apiVersion": "2017-08-01",
        "type": "Microsoft.Network/publicIPAddresses",
        "name": "[variables('lbPIPAddressName')]",
        "location": "[resourceGroup().location]",
        "tags": {
          "Environment": "[parameters('Environment')]",
          "AppName": "[parameters('AppName')]",
          "FinancialOwner": "[parameters('FinancialOwner')]",
          "OpsOwner": "[parameters('OpsOwner')]"
        },
        "sku": {
          "name": "Standard"
        },
        "properties": {
          "publicIPAllocationMethod": "[variables('ngfPIPAddressType')]",
          "dnsSettings": {
            "domainNameLabel": "[variables('dnsNameForNGF')]"
          }
        },
        "dependsOn": [
        ]
      },
  
      {
        "apiVersion": "2017-08-01",
        "type": "Microsoft.Network/publicIPAddresses",
        "zones": [ "1" ],
        "name": "[variables('ngfPIPAddressName1')]",
        "location": "[resourceGroup().location]",
        "tags": {
          "Environment": "[parameters('Environment')]",
          "AppName": "[parameters('AppName')]",
          "FinancialOwner": "[parameters('FinancialOwner')]",
          "OpsOwner": "[parameters('OpsOwner')]"
        },
        "sku": {
          "name": "Standard"
        },
        "properties": {
          "publicIPAllocationMethod": "[variables('ngfPIPAddressType')]"
        }
      },
  
      {
        "apiVersion": "2017-08-01",
        "type": "Microsoft.Network/publicIPAddresses",
        "zones": [ "1" ],
        "name": "[variables('ngfPIPAddressName2')]",
        "location": "[resourceGroup().location]",
        "tags": {
          "Environment": "[parameters('Environment')]",
          "AppName": "[parameters('AppName')]",
          "FinancialOwner": "[parameters('FinancialOwner')]",
          "OpsOwner": "[parameters('OpsOwner')]"
        },
        "sku": {
          "name": "Standard"
        },
        "properties": {
          "publicIPAllocationMethod": "[variables('ngfPIPAddressType')]"
        }
      },
      {
        "apiVersion": "2017-08-01",
        "name": "[variables('lbName-external')]",
        "type": "Microsoft.Network/loadBalancers",
        "location": "[resourceGroup().location]",
        
        "sku": {
          "name": "Standard"
        },
        "comments": "External LoadBalancer for the Barracuda Next Gen Firewall F cluster",
        "tags": {
          "Environment": "[parameters('Environment')]",
          "AppName": "[parameters('AppName')]",
          "FinancialOwner": "[parameters('FinancialOwner')]",
          "OpsOwner": "[parameters('OpsOwner')]"

        },
        "dependsOn": [
          "[concat('Microsoft.Network/publicIPAddresses/', variables('lbPIPAddressName'))]"
        ],
        "properties": {
          "frontendIPConfigurations": [
            {
              "name": "loadBalancerFrontEnd",
              "properties": {
                "publicIPAddress": {
                  "id": "[variables('lbPIPID')]"
                }
              }
            }
          ],
          "backendAddressPools": [
            {
              "name": "[variables('bePoolName')]"
            }
          ],
          "inboundNatRules": [
  
          ],
          "loadBalancingRules": [
            {
              "name": "ForwardRDP",
              "properties": {
                "frontendIPConfiguration": {
                  "id": "[variables('lbFrontEndPoolID-external')]"
                },
                "backendAddressPool": {
                  "id": "[variables('lbBackEndPoolID-external')]"
                },
                "protocol": "Tcp",
                "frontendPort": 50101,
                "backendPort": 50101,
                "enableFloatingIP": false,
                "idleTimeoutInMinutes": 4,
                "probe": {
                  "id": "[variables('lbProbeID-external')]"
                }
              }
            }
  
  
          ],
          "probes": [
            {
              "name": "HealthProbe",
              "properties": {
                "protocol": "Tcp",
                "port": 65500,
                "intervalInSeconds": 5,
                "numberOfProbes": 2
              }
            }
          ]
        }
      },
  
      {
        "apiVersion": "2017-09-01",
        "name": "[variables('lbName-internal')]",
        "type": "Microsoft.Network/loadBalancers",
        "location": "[resourceGroup().location]",
        "tags": {
          "Environment": "[parameters('Environment')]",
          "AppName": "[parameters('AppName')]",
          "FinancialOwner": "[parameters('FinancialOwner')]",
          "OpsOwner": "[parameters('OpsOwner')]"
        },
        "sku": {
          "name": "Standard"
        },
        "comments": "Internal LoadBalancer for the Barracuda Next Gen Firewall F cluster",
        "properties": {
          "frontendIPConfigurations": [
            {
              "name": "loadBalancerFrontEnd",
              "properties": {
                "privateIPAddress": "[parameters('staticIP')]",
                "privateIPAllocationMethod": "Static",
                "subnet": {
                  "id": "[variables('subnetRefNGF-internal')]"
                }
              }
            }
          ],
          "backendAddressPools": [
            {
              "name": "[variables('bePoolName')]"
            }
          ],
          "loadBalancingRules": [
            {
              "name": "lbrule",
              "properties": {
                "frontendIPConfiguration": {
                  "id": "[concat( resourceId('Microsoft.Network/loadBalancers', variables('lbName-internal')), '/frontendIpConfigurations/loadBalancerFrontEnd' )]"
                },
                "frontendPort": 0,
                "backendPort": 0,
                "enableFloatingIP": false,
                "idleTimeoutInMinutes": 15,
                "protocol": "All",
                "loadDistribution": "Default",
                "backendAddressPool": {
                  "id": "[concat( resourceId('Microsoft.Network/loadBalancers', variables('lbName-internal')), '/backendAddressPools/',variables('bePoolName'))]"
                },
                "probe": {
                  "id": "[concat( resourceId('Microsoft.Network/loadBalancers', variables('lbName-internal')), '/probes/HealthProbe')]"
                }
              }
            }
          ],
          "probes": [
            {
              "name": "HealthProbe",
              "properties": {
                "protocol": "Tcp",
                "port": 65500,
                "intervalInSeconds": 5,
                "numberOfProbes": 2
              }
            }
          ]
        },
        "dependsOn": [
          
        ]
      },
  
      {
        "apiVersion": "2017-08-01",
        "type": "Microsoft.Network/networkInterfaces",
        "name": "[variables('ngfNicName1-external')]",
        "location": "[resourceGroup().location]",
        "tags": {
          "Environment": "[parameters('Environment')]",
          "AppName": "[parameters('AppName')]",
          "FinancialOwner": "[parameters('FinancialOwner')]",
          "OpsOwner": "[parameters('OpsOwner')]"
        },
        "dependsOn": [
          "[concat('Microsoft.Network/publicIPAddresses/', variables('ngfPIPAddressName1'))]",
          "[concat('Microsoft.Network/loadBalancers/', variables('lbName-external'))]"
          
        ],
        "properties": {
          "enableIPForwarding": true,
          "ipConfigurations": [
            {
              "name": "external",
              "properties": {
                "privateIPAllocationMethod": "Static",
                "privateIPAddress": "[variables( 'ngfVmAddress1-external')]",
                "publicIPAddress": {
                  "id": "[resourceId('Microsoft.Network/publicIPAddresses',variables('ngfPIPAddressName1'))]"
                },
                "subnet": {
                  "id": "[variables('subnetRefNGF-external')]"
                },
                "loadBalancerBackendAddressPools": [
                  {
                    "id": "[concat(variables('lbID-external'), '/backendAddressPools/',variables('bePoolName'))]"
                  }
                ]
              }
            }
          ]
        }
      },
  
      {
        "apiVersion": "2017-08-01",
        "type": "Microsoft.Network/networkInterfaces",
        "name": "[variables('ngfNicName1-internal')]",
        "location": "[resourceGroup().location]",
        "tags": {
          "Environment": "[parameters('Environment')]",
          "AppName": "[parameters('AppName')]",
          "FinancialOwner": "[parameters('FinancialOwner')]",
          "OpsOwner": "[parameters('OpsOwner')]"
        },
        "dependsOn": [
          "[concat('Microsoft.Network/loadBalancers/', variables('lbName-external'))]"
         
        ],
        "properties": {
          "enableIPForwarding": true,
          "ipConfigurations": [
            {
              "name": "ipconfig1",
              "properties": {
                "privateIPAllocationMethod": "Static",
                "privateIPAddress": "[variables( 'ngfVmAddress1-internal')]",
                "subnet": {
                  "id": "[variables('subnetRefNGF-internal')]"
                },
                "loadBalancerBackendAddressPools": [
                  {
                    "id": "[concat(variables('lbID-internal'),'/backendAddressPools/',variables('bePoolName'))]"
                  }
                ]
              }
            }
          ]
        }
      },

      {
        "apiVersion": "2017-08-01",
        "type": "Microsoft.Network/networkInterfaces",
        "name": "[variables('ngfNicName2-external')]",
        "location": "[resourceGroup().location]",
        "tags": {
          "Environment": "[parameters('Environment')]",
          "AppName": "[parameters('AppName')]",
          "FinancialOwner": "[parameters('FinancialOwner')]",
          "OpsOwner": "[parameters('OpsOwner')]"
        },
        "dependsOn": [
          "[concat('Microsoft.Network/publicIPAddresses/', variables('ngfPIPAddressName2'))]",
          "[concat('Microsoft.Network/loadBalancers/', variables('lbName-external'))]"
          
        ],
        "properties": {
          "enableIPForwarding": true,
          "ipConfigurations": [
            {
              "name": "external",
              "properties": {
                "privateIPAllocationMethod": "Static",
                "privateIPAddress": "[variables( 'ngfVmAddress2-external')]",
                "publicIPAddress": {
                  "id": "[resourceId('Microsoft.Network/publicIPAddresses',variables('ngfPIPAddressName2'))]"
                },
                "subnet": {
                  "id": "[variables('subnetRefNGF-external')]"
                },
                "loadBalancerBackendAddressPools": [
                  {
                    "id": "[concat(variables('lbID-external'), '/backendAddressPools/',variables('bePoolName'))]"
                  }
                ]
              }
            }
          ]
        }
      },
  
      {
        "apiVersion": "2017-08-01",
        "type": "Microsoft.Network/networkInterfaces",
        "name": "[variables('ngfNicName2-internal')]",
        "location": "[resourceGroup().location]",
        "tags": {
          "Environment": "[parameters('Environment')]",
          "AppName": "[parameters('AppName')]",
          "FinancialOwner": "[parameters('FinancialOwner')]",
          "OpsOwner": "[parameters('OpsOwner')]"
        },
        "dependsOn": [
          "[concat('Microsoft.Network/loadBalancers/', variables('lbName-external'))]"
        
        ],
        "properties": {
          "enableIPForwarding": true,
          "ipConfigurations": [
            {
              "name": "ipconfig1",
              "properties": {
                "privateIPAllocationMethod": "Static",
                "privateIPAddress": "[variables( 'ngfVmAddress2-internal')]",
                "subnet": {
                  "id": "[variables('subnetRefNGF-internal')]"
                },
                "loadBalancerBackendAddressPools": [
                  {
                    "id": "[concat(variables('lbID-internal'),'/backendAddressPools/',variables('bePoolName'))]"
                  }
                ]
              }
            }
          ]
        }
      },
      {
        "type": "Microsoft.Resources/deployments",
        "name": "nvavm",
        "apiVersion": "2016-06-01",
        "properties": {
          "mode": "Incremental",
         
          "templateLink": {
                     "uri": "[concat(parameters('_artifactsLocation'),'/Microsoft.Compute/nvavm.json', parameters('_artifactsLocationSasToken'))]",
                     "contentVersion": "1.0.0.0"
          },
          "parameters": {
            "DName": {
              "value": "[parameters('DName')]"
            },
            "DNo": {
              "value": "[parameters('DNo')]"
            },
            "DNo1": {
              "value": "[parameters('DNo1')]"
            },
            "AppName": {
              "value": "[parameters('AppName')]"
            },

            "zone": {
              "value": "[parameters('zone')]"
            },
            "Environment": {
              "value": "[parameters('Environment')]"
            },
            "FinancialOwner": {
              "value": "[parameters('FinancialOwner')]"
            },
            "OpsOwner": {
              "value": "[parameters('OpsOwner')]"
            },
            "AdminUsername": {
              "value": "[parameters('AdminUsername')]"
            },
            "AdminPassword": {
              "reference": {
                "keyVault": {
                  "id": "[concat(subscription().id,'/resourceGroups/', variables('vaultResourceGroupName'),'/providers/Microsoft.KeyVault/vaults/',variables('keyvaultname'))]"
                },
                "secretName": "[parameters('VMsecretName')]"
              }
            },

            "imagepublisher": {
              "value": "[parameters('imagepublisher')]"
            },
            "imageoffer": {
              "value": "[parameters('imageOffer')]"
            },
            "vmSize": {
              "value": "[parameters('vmSize')]"
            },
            "subnetNGF-external": {
              "value": "[parameters('subnetNGF-external')]"
            },
            "subnetNGF-internal": {
              "value": "[parameters('subnetNGF-internal')]"
            },
            "existingvirtualNetworkName": {
              "value": "[parameters('existingvirtualNetworkName')]"
            },
            "virtualNetworkResourceGroupName": {
              "value": "[parameters('virtualNetworkResourceGroupName')]"
            },
            "imageVersion": {
              "value": "[parameters('imageVersion')]"
            }
          }
        },
        "dependsOn": [
          "[variables('ngfNicName1-internal')]",
          "[variables('ngfNicName1-external')]",
          "[variables('ngfNicName2-internal')]",
          "[variables('ngfNicName2-internal')]"
  
        ]
      }
    ],
    "outputs": {
      "NGF-A": {
        "type": "string",
        "value": "[reference(variables('ngfPIPAddressName1')).ipAddress]"
      },
      "NGF-B": {
        "type": "string",
        "value": "[reference(variables('ngfPIPAddressName2')).ipAddress]"
      },
      
        "NGF-LB": {
        "type": "string",
        "value": "[reference(variables('lbPIPAddressName')).dnsSettings.fqdn]"
      }
    }
  }
  