{
  "$schema": "https://schema.management.azure.com/schemas/2015-01-01/deploymentTemplate.json#",
  "contentVersion": "1.0.0.0",
  "parameters": {
    "FinancialOwner": {
      "defaultValue": "Unassigned",
      "type": "string",
      "metadata": {
        "description": "Financial owner and thus Accountable for resource"
      }
    },
    "Environment": {
      "defaultValue": "Development",
      "allowedValues": [ "SharedServices", "Sandbox", "Development", "Test", "Acceptance", "Production" ],
      "type": "string",
      "metadata": {
        "description": "Identify the environment in which the application is running "
      }
    },
    "OpsOwner": {
      "type": "string",
      "metadata": {
        "description": "Name of the Owner of the Azure Resource"
      }
    },
    "AppName": {
      "type": "string",
      "defaultValue": "app1",
      "maxLength": 15,
      "minLength": 2,
      "metadata": {
        "description": "The name of the application"
      }
    },
    "recoveryvaultName":{
      "type": "string",
      "metadata": {
        "description": "Name of the Backup Policy"
      }
    },
    "policyName": {
      "type": "string",
      "metadata": {
        "description": "Name of the Backup Policy"
      }
    },
    "scheduleRunTimes": {
      "type": "array",
      "metadata": {
        "description": "Times in day when backup should be triggered. e.g. [01:00] or [13:00]. Must be an array, however for IaaS VMs only one value is valid. This will be used in LTR too for daily, weekly, monthly and yearly backup."
      }
    },
    "timeZone": {
      "type": "string",
      "metadata": {
        "description": "Any Valid timezone, for example:UTC, Pacific Standard Time. Refer: https://msdn.microsoft.com/en-us/library/gg154758.aspx"
      }
    },
    "dailyRetentionDurationCount": {
      "type": "int",
      "metadata": {
        "description": "Number of days you want to retain the backup"
      }
    },
    "daysOfTheWeek": {
      "type": "array",
      "metadata": {
        "description": "Backup will run on array of Days like, Monday, Tuesday etc. Applies in Weekly retention only."
      }
    },
    "weeklyRetentionDurationCount": {
      "type": "int",
      "metadata": {
        "description": "Number of weeks you want to retain the backup"
      }
    },
    "monthlyRetentionDurationCount": {
      "type": "int",
      "metadata": {
        "description": "Number of months you want to retain the backup"
      }
    },
    "monthsOfYear": {
      "type": "array",
      "metadata": {
        "description": "Array of Months for Yearly Retention"
      }
    },
    "yearlyRetentionDurationCount": {
      "type": "int",
      "metadata": {
        "description": "Number of years you want to retain the backup"
      }
    }
  },
  "variables": {
    
  },
  "resources": [
    {
      "type": "Microsoft.RecoveryServices/vaults",
      "apiVersion": "2015-11-10",
      "name": "[parameters('recoveryvaultName')]",
      "location": "[resourceGroup().location]",
      "sku": {
        "name": "RS0",
        "tier": "Standard"
      },
      "properties": {},
      "tags": {
        "Environment": "[parameters('Environment')]",
        "AppName": "[parameters('AppName')]",
        "FinancialOwner": "[parameters('FinancialOwner')]",
        "OpsOwner": "[parameters('OpsOwner')]"
      }
    },
    {
      "apiVersion": "2016-06-01",
      "name": "[concat(parameters('recoveryvaultName'), '/', parameters('policyName'))]",
      "type": "Microsoft.RecoveryServices/vaults/backupPolicies",
      "dependsOn": [
        "[concat('Microsoft.RecoveryServices/vaults/', parameters('recoveryvaultName'))]"
      ],
      "location": "[resourceGroup().location]",
      "properties": {
        "backupManagementType": "AzureIaasVM",
        "schedulePolicy": {
          "scheduleRunFrequency": "Daily",
          "scheduleRunDays": null,
          "scheduleRunTimes": "[parameters('scheduleRunTimes')]",
          "schedulePolicyType": "SimpleSchedulePolicy"
        },
        "retentionPolicy": {
          "dailySchedule": {
            "retentionTimes": "[parameters('scheduleRunTimes')]",
            "retentionDuration": {
              "count": "[parameters('dailyRetentionDurationCount')]",
              "durationType": "Days"
            }
          },
          "weeklySchedule": {
            "daysOfTheWeek": "[parameters('daysOfTheWeek')]",
            "retentionTimes": "[parameters('scheduleRunTimes')]",
            "retentionDuration": {
              "count": "[parameters('weeklyRetentionDurationCount')]",
              "durationType": "Weeks"
            }
          },
          "monthlySchedule": {
            "retentionScheduleFormatType": "Daily",
            "retentionScheduleDaily": {
              "daysOfTheMonth": [
                {
                  "date": 1,
                  "isLast": false
                }
              ]
            },
            "retentionScheduleWeekly": null,
            "retentionTimes": "[parameters('scheduleRunTimes')]",
            "retentionDuration": {
              "count": "[parameters('monthlyRetentionDurationCount')]",
              "durationType": "Months"
            }
          },
          "yearlySchedule": {
            "retentionScheduleFormatType": "Daily",
            "monthsOfYear": "[parameters('monthsOfYear')]",
            "retentionScheduleDaily": {
              "daysOfTheMonth": [
                {
                  "date": 1,
                  "isLast": false
                }
              ]
            },
            "retentionScheduleWeekly": null,
            "retentionTimes": "[parameters('scheduleRunTimes')]",
            "retentionDuration": {
              "count": "[parameters('yearlyRetentionDurationCount')]",
              "durationType": "Years"
            }
          },
          "retentionPolicyType": "LongTermRetentionPolicy"
        },
        "timeZone": "[parameters('timeZone')]"
      }
    }
  ]
}