﻿{
  "$schema": "https://schema.management.azure.com/schemas/2015-01-01/deploymentParameters.json#",
  "contentVersion": "1.0.0.0",
  "parameters": {
    "FinancialOwner": {
      "value": "Sogeti-Capgemini"
    },
    "Environment": {
      "value": "Acceptance"
    },
    "OpsOwner": {
      "value": "Sogeti-Capgemini"
    },
    "AppName": {
      "value": "backup"
    },
    "recoveryvaultName": {
      "value": "vault-a"
    },
    "policyName": {
      "value": "Daily-Full-backup-7days"
    },
    "scheduleRunTimes": {
      "value": [
        "2017-01-26T01:00:00Z"
      ]
    },
    "timeZone": {
      "value": "UTC"
    },
    "dailyRetentionDurationCount": {
      "value": 7
    },
    "daysOfTheWeek": {
      "value": [
        "Sunday",
        "Monday",
        "Tuesday",
        "Wednesday",
        "Thursday",
        "Friday",
        "Saturday"
      ]
    },
    "weeklyRetentionDurationCount": {
      "value": 4
    },
    "monthlyRetentionDurationCount": {
      "value": 12
    },
    "monthsOfYear": {
      "value": [ "January", "March", "August" ]
    },
    "yearlyRetentionDurationCount": {
      "value": 1
    }
  }
}