﻿{
  "$schema": "https://schema.management.azure.com/schemas/2015-01-01/deploymentTemplate.json#",
  "contentVersion": "1.0.0.0",
  "parameters": {
    "configurationParameters": {
      "type": "object"
    }
  },
  "variables": {
    "apimInstanceName": "[concat(parameters('configurationParameters').apiManagementServiceName, parameters('configurationParameters').environment)]"
  },
  "resources": [
    {
      "type": "Microsoft.ApiManagement/service/backends",
      "apiVersion": "2018-01-01",
      "name": "[concat(variables('apimInstanceName'), '/soap2rest-dnb')]",
      "properties": {
        "title": "wsp_GDP_V4 Soap Backend",
        "description": "wsp_GDP_V4 Soap Backend",
        "url": "https://toolkit-wsdl.dnb.com",
        "protocol": "soap"
      }
    },
    {
      "type": "Microsoft.ApiManagement/service/backends",
      "apiVersion": "2018-01-01",
      "name": "[concat(variables('apimInstanceName'), '/logicapp-export-request')]",
      "properties": {
        "title": "logicapp-export-request",
        "description": "logicapp-export-request BackEnd",
        "url": "https://prod-42.westeurope.logic.azure.com/workflows/6416ef20b6a84d7cbd006f598c111bb9/triggers",
        "protocol": "http"
      }
    }
  ],
  "outputs": {
  }
}