﻿{
  "$schema": "https://schema.management.azure.com/schemas/2015-01-01/deploymentTemplate.json#",
  "contentVersion": "1.0.0.0",
  "parameters": {
    "configurationParameters": {
      "type": "object"
    }
  },
  "variables": {
    "apimInstanceName": "[concat(parameters('configurationParameters').apiManagementServiceName, parameters('configurationParameters').environment)]"
  },
  "resources": [
    {
      "type": "Microsoft.ApiManagement/service/groups",
      "apiVersion": "2018-01-01",
      "name": "[concat(variables('apimInstanceName'), '/InternalUsers')]",
      "properties": {
        "displayName": "InternalUsers",
        "description": null,
        "type": "custom",
        "externalId": null
      }
    }
  ],
  "outputs": {
  }
}
