﻿{
  "$schema": "https://schema.management.azure.com/schemas/2015-01-01/deploymentTemplate.json#",
  "contentVersion": "1.0.0.0",
  "parameters": {
    "configurationParameters": {
      "type": "object"
    },
    "clientIdVP": {
      "type": "string"
    },
    "clientSecretVP": {
      "type": "securestring"
    }
  },
  "variables": {
    "apimInstanceName": "[concat(parameters('configurationParameters').apiManagementServiceName, parameters('configurationParameters').environment)]"
  },
  "resources": [
    {
      "type": "Microsoft.ApiManagement/service/properties",
      "apiVersion": "2018-01-01",
      "name": "[concat(variables('apimInstanceName'), '/authorizationServer')]",
      "properties": {
        "displayName": "authorizationServer",
        "value": "https://login.windows.net/eca36054-49a9-4731-a42f-8400670fc022/oauth2/token",
        "secret": false
      }
    },
    {
      "type": "Microsoft.ApiManagement/service/properties",
      "apiVersion": "2018-01-01",
      "name": "[concat(variables('apimInstanceName'), '/clientIdVP')]",
      "properties": {
        "displayName": "clientIdVP",
        "value": "[parameters('clientIdVP')]",
        "secret": false
      }
    },
    {
      "type": "Microsoft.ApiManagement/service/properties",
      "apiVersion": "2018-01-01",
      "name": "[concat(variables('apimInstanceName'), '/clientSecretVP')]",
      "properties": {
        "displayName": "clientSecretVP",
        "value": "[uriComponent(parameters('clientSecretVP'))]",
        "secret": true
      }
    },
    {
      "type": "Microsoft.ApiManagement/service/properties",
      "apiVersion": "2018-01-01",
      "name": "[concat(variables('apimInstanceName'), '/scopeVP')]",
      "properties": {
        "displayName": "scopeVP",
        "value": "[uriComponent(concat('https://ebsaz-appservice-vp-core-webapi-', parameters('configurationParameters').environment, '.azurewebsites.net'))]",
        "secret": false
      }
    },
    {
      "type": "Microsoft.ApiManagement/service/properties",
      "apiVersion": "2018-01-01",
      "name": "[concat(variables('apimInstanceName'), '/logicapp-export-request-manual-invoke')]",
      "properties": {
        "displayName": "logicapp-export-request-manual-invoke",
        "value": "todo_place_sig_here",
        "secret": true
      }
    }
  ],
  "outputs": {
  }
}