﻿{
  "$schema": "https://schema.management.azure.com/schemas/2015-01-01/deploymentTemplate.json#",
  "contentVersion": "1.0.0.0",
  "parameters": {
    "configurationParameters": {
      "type": "object"
    }
  },
  "variables": {
    "apimInstanceName": "[concat(parameters('configurationParameters').apiManagementServiceName, parameters('configurationParameters').environment)]"
  },
  "resources": [
    {
      "type": "Microsoft.ApiManagement/service/products",
      "apiVersion": "2018-01-01",
      "name": "[concat(variables('apimInstanceName'), '/creditCheck')]",
      "properties": {
        "displayName": "D&B Credit Check",
        "description": "Credit Check",
        "subscriptionRequired": true,
        "approvalRequired": false,
        "state": "published"
      }
    },
    {
      "type": "Microsoft.ApiManagement/service/products",
      "apiVersion": "2018-01-01",
      "name": "[concat(variables('apimInstanceName'), '/companyInfo')]",
      "properties": {
        "displayName": "Company Info",
        "description": "Product for the DnB API",
        "subscriptionRequired": true,
        "approvalRequired": false,
        "state": "published"
      }
    },
    {
      "type": "Microsoft.ApiManagement/service/products",
      "apiVersion": "2018-01-01",
      "name": "[concat(variables('apimInstanceName'), '/vpexport')]",
      "properties": {
        "displayName": "vpexport",
        "description": "Product for the vpexport API",
        "subscriptionRequired": true,
        "approvalRequired": false,
        "state": "published"
      }
    },
    {
      "type": "Microsoft.ApiManagement/service/products",
      "apiVersion": "2018-01-01",
      "name": "[concat(variables('apimInstanceName'), '/emission')]",
      "properties": {
        "displayName": "emission",
        "description": "Product for the emission API",
        "subscriptionRequired": true,
        "approvalRequired": false,
        "state": "published"
      }
    },
    {
      "type": "Microsoft.ApiManagement/service/products",
      "apiVersion": "2018-01-01",
      "name": "[concat(variables('apimInstanceName'), '/consumption')]",
      "properties": {
        "displayName": "consumption",
        "description": "Product for the consumption API",
        "subscriptionRequired": true,
        "approvalRequired": false,
        "state": "published"
      }
    }
  ],
  "outputs": {
  }
}