﻿{
  "$schema": "https://schema.management.azure.com/schemas/2015-01-01/deploymentTemplate.json#",
  "contentVersion": "1.0.0.0",
  "parameters": {
    "configurationParameters": {
      "type": "object"
    }
  },
  "variables": {
    "apimInstanceName": "[concat(parameters('configurationParameters').apiManagementServiceName, parameters('configurationParameters').environment)]"
  },
  "resources": [
    {
      "type": "Microsoft.ApiManagement/service/products/groups",
      "apiVersion": "2018-01-01",
      "name": "[concat(variables('apimInstanceName'), '/creditCheck/InternalUsers' )]",
      "scale": null,
      "properties": {}
    },
    {
      "type": "Microsoft.ApiManagement/service/products/groups",
      "apiVersion": "2018-01-01",
      "name": "[concat(variables('apimInstanceName'), '/companyInfo/InternalUsers' )]",
      "scale": null,
      "properties": {}
    }
  ],
  "outputs": {
  }
}
