﻿{
  "$schema": "https://schema.management.azure.com/schemas/2015-01-01/deploymentTemplate.json#",
  "contentVersion": "1.0.0.0",
  "parameters": {
    "configurationParameters": {
      "type": "object"
    }
  },
  "variables": {
    "apimInstanceName": "[concat(parameters('configurationParameters').apiManagementServiceName, parameters('configurationParameters').environment)]"
  },
  "resources": [
    {
      "type": "Microsoft.ApiManagement/service",
      "apiVersion": "2018-01-01",
      "name": "[variables('apimInstanceName')]",
      "tags": {
        "Environment": "[parameters('configurationParameters').environment]",
        "AppName": "[parameters('configurationParameters').appName]",
        "FinancialOwner": "[parameters('configurationParameters').financialOwner]",
        "OpsOwner": "[parameters('configurationParameters').owner]"
      },
      "properties": {
        "publisherEmail": "[parameters('configurationParameters').apiManagementPublisherEmail]",
        "publisherName": "[parameters('configurationParameters').apiManagementPublisherName]",
        "notificationSenderEmail": "noreply@eneco.com",
        "customProperties": {
          "Microsoft.WindowsAzure.ApiManagement.Gateway.Security.Protocols.Tls10": "False",
          "Microsoft.WindowsAzure.ApiManagement.Gateway.Security.Protocols.Tls11": "False",
          "Microsoft.WindowsAzure.ApiManagement.Gateway.Security.Protocols.Ssl30": "False",
          "Microsoft.WindowsAzure.ApiManagement.Gateway.Security.Ciphers.TripleDes168": "False",
          "Microsoft.WindowsAzure.ApiManagement.Gateway.Security.Backend.Protocols.Tls10": "False",
          "Microsoft.WindowsAzure.ApiManagement.Gateway.Security.Backend.Protocols.Tls11": "False",
          "Microsoft.WindowsAzure.ApiManagement.Gateway.Security.Backend.Protocols.Ssl30": "False"
        },
        "virtualNetworkType": "None"
      },
      "resources": [],
      "sku": {
        "name": "[parameters('configurationParameters').apiManagementSkuName]",
        "capacity": 1
      },
      "location": "[resourceGroup().location]",
      "scale": null
    }
  ]
}