﻿{
  "$schema": "https://schema.management.azure.com/schemas/2015-01-01/deploymentTemplate.json#",
  "contentVersion": "1.0.0.0",
  "parameters": {
    "configurationParameters": {
      "type": "object"
    }
  },
  "variables": {
    "apimInstanceName": "[concat(parameters('configurationParameters').apiManagementServiceName, parameters('configurationParameters').environment)]"
  },
  "resources": [
    {
      "type": "Microsoft.ApiManagement/service/users",
      "apiVersion": "2018-01-01",
      "name": "[concat(variables('apimInstanceName'), '/digital')]",
      "properties": {
        "firstName": "Scrum Team",
        "lastName": "Digital",
        "email": "digital@eneco.com",
        "state": "active"
      }
    },
    {
      "type": "Microsoft.ApiManagement/service/users",
      "apiVersion": "2018-01-01",
      "name": "[concat(variables('apimInstanceName'), '/opendomain')]",
      "properties": {
        "firstName": "Scrum Team",
        "lastName": "Open Domein",
        "email": "opendomain@eneco.com",
        "state": "active"
      }
    },
    {
      "type": "Microsoft.ApiManagement/service/users",
      "apiVersion": "2018-01-01",
      "name": "[concat(variables('apimInstanceName'), '/partnerportal')]",
      "properties": {
        "firstName": "Scrum Team",
        "lastName": "PartnerPortaal",
        "email": "partnerportal@eneco.com",
        "state": "active"
      }
    }
  ],
  "outputs": {
  }
}
