{
  "$schema": "https://schema.management.azure.com/schemas/2015-01-01/deploymentTemplate.json#",
  "contentVersion": "1.0.0.0",
  "parameters": {
    "zone": {
      "type": "string",
      "defaultValue": "mm",
      "allowedValues": [ "af", "ab", "db", "mm" ],
      "metadata": {
        "description": "The abbreviation of the zone"
      }
    },
    "app": {
      "type": "string",
      "defaultValue": "app",
      "metadata": {
        "description": "The abbreviation of the application name"
      }
    },
    "DName": {
      "type": "string",
      "defaultValue": "t",
      "allowedValues": [ "p", "a", "t", "d", "sb", "ss" ],
      "metadata": {
        "description": "The name of the environment"
      }
    },
    "DNo": {
      "type": "string",
      "defaultValue": "501",
      "metadata": {
        "description": "The Dno indicates the number of the application amongs the evironmnets, For Prod 001-099, Acc 101-199, test 201-299, Dev 301-399, Sandbox 401-499, SDT 501-599"
      }
    },
    "Environment": {
      "type": "string",
      "defaultValue": "Development",
      "allowedValues": [
        "Development",
        "Sandbox",
        "Test",
        "Acceptance",
        "Production",
        "SharedServicesforSbDevTest"
      ],
      "metadata": {
        "description": "Identify the environment in which the application is running "
      }
    },
    "OpsOwner": {
      "type": "string",
      "defaultValue": "CloudFoundation",
      "metadata": {
        "description": "This should be an email of a person or a group that is responsible for the resource."
      }
    },
    "FinancialOwner": {
      "type": "string",
      "defaultValue": "IntegrationOffice",
      "metadata": {
        "description": "FinancialOwner of the resources"
      }
    },
    "AppName": {
      "type": "string",
      "defaultValue": "CloudFoundation",
      "metadata": {
        "description": "Application name"
      }
    },
    "adminUsername": {
      "defaultValue": "EnecoAdmin",
      "type": "string",
      "metadata": {
        "description": "Username of the Virtual Machine."
      }
    },
    "adminPassword": {
      "type": "string",
      "metadata": {
        "description": "Password of the Virtual Machine."
      }
    },
    "servicenowUrl": {
      "type": "string",
      "defaultValue": "https://enecodev.service-now.com",
      "allowedValues": [ "https://eneco.service-now.com", "https://enecotest.service-now.com", "https://enecodev.service-now.com" ],
      "metadata": {
        "description": "ServiceNow instance URL"
      }
    },
    "servicenowUser": {
      "type": "string",
      "defaultValue": "AzureMidServerUserDev",
      "allowedValues": [ "AzureMidServerUserProd", "AzureMidServerUserTest", "AzureMidServerUserDev" ],
      "metadata": {
        "description": "ServiceNow Instance UserName"
      }
    },
    "midServerName": {
      "type": "string",
      "defaultValue": "admin",
      "metadata": {
        "description": "ServiceNow Midserver Username"
      }
    },
    "nestedScriptFileName": {
      "type": "string",
      "defaultValue": "ServiceNOWMid.ps1",
      "metadata": {
        "description": "MID setup Script name"
      }
    },
    "midJavaAppLocation": {
      "type": "string",
      "defaultValue": "https://install.service-now.com/glide/distribution/builds/package/mid/2018/03/02/mid.kingston-10-17-2017__patch3-02-21-2018_03-02-2018_1305.windows.x86-64.zip",
      "metadata": {
        "description": "MID setup Script location"
      }
    },
    "SNOWUserPass": {
      "type": "string"
    },
    "OSVersion": {
      "defaultValue": "2016-Datacenter",
      "type": "string",
      "metadata": {
        "description": "The OS version for the VM. This will pick a fully patched image of this given OS version."
      }
    },
    "datadisksize": {
      "defaultValue": 1023,
      "type": "int",
      "metadata": {
        "description": "Data Disk size in GB"
      }
    },
    "publisher": {
      "defaultValue": "MicrosoftWindowsServer",
      "type": "string",
      "metadata": {
        "description": "Storage profile publisher"
      }
    },
    "offer": {
      "defaultValue": "WindowsServer",
      "type": "string",
      "metadata": {
        "description": "Storage profile publisher"
      }
    },
    "vmSize": {
      "defaultValue": "Standard_B2ms",
      "type": "string",
      "metadata": {
        "description": "Available VM Sizes"
      }
    },
    "location": {
      "defaultValue": "West Europe",
      "type": "string",
      "metadata": {
        "description": "Location for all resources."
      }
    },
    "WorkspaceRG": {
      "type": "string",
      "defaultValue": "Eneco-OMS",
      "metadata": {
        "description": "The name of the OMS workpsace"
      }
    },
    "WorkspaceName": {
      "type": "string",
      "defaultValue": "eneco-oms",
      "metadata": {
        "description": "The name of the OMS workpsace"
      }
    },
    "scriptlocation": {
      "type": "string",
      "metadata": {
        "description": "Location of the powershell mid server script"
      }
    }
  },
  "variables": {
    "vmName": "[concat(parameters('zone'),parameters('app'),'-',parameters('DNo'))]",
    "ScriptFolder": ".",
    "NicName": "[concat(parameters('zone'),parameters('app'),'-','nic',parameters('DNo'))]",
    "scriptParameters": "[concat('-servicenowUrl ', parameters('servicenowUrl'), ' -username ', parameters('servicenowUser'),' -password ', parameters('SNOWUserPass'), ' -midServerName ', parameters('midServerName'), ' -midJavaAppLocation ', parameters('midJavaAppLocation'))]"
  },
  "resources": [
    {
      "type": "Microsoft.Compute/virtualMachines",
      "name": "[variables('vmName')]",
      "apiVersion": "2017-03-30",
      "location": "[parameters('location')]",
      "tags": {
        "Environment": "[parameters('Environment')]",
        "AppName": "[parameters('AppName')]",
        "FinancialOwner": "[parameters('FinancialOwner')]",
        "OpsOwner": "[parameters('OpsOwner')]"
      },
      "properties": {
        "hardwareProfile": {
          "vmSize": "[parameters('vmSize')]"
        },
        "osProfile": {
          "computerName": "[variables('vmName')]",
          "adminUsername": "[parameters('adminUsername')]",
          "adminPassword": "[parameters('adminPassword')]"
        },
        "storageProfile": {
          "imageReference": {
            "publisher": "[parameters('publisher')]",
            "offer": "[parameters('offer')]",
            "sku": "[parameters('OSVersion')]",
            "version": "latest"
          },
          "osDisk": {
            "createOption": "FromImage"
          },
          "dataDisks": [
            {
              "diskSizeGB": "[parameters('datadisksize')]",
              "lun": 0,
              "createOption": "Empty"
            }
          ]
        },
        "networkProfile": {
          "networkInterfaces": [
            {
              "id": "[resourceId('Microsoft.Network/networkInterfaces',variables('NicName'))]"
            }
          ]
        }
      },
      "resources": [
        {
          "name": "Microsoft.EnterpriseCloud.Monitoring",
          "type": "extensions",
          "location": "[parameters('Location')]",
          "apiVersion": "2017-03-30",
          "dependsOn": [
            "[resourceId('Microsoft.Compute/virtualMachines', variables('vmName'))]"
          ],
          "tags": {
            "Environment": "[parameters('Environment')]",
            "AppName": "[parameters('AppName')]",
            "FinancialOwner": "[parameters('FinancialOwner')]",
            "OpsOwner": "[parameters('OpsOwner')]"
          },
          "properties": {
            "publisher": "Microsoft.EnterpriseCloud.Monitoring",
            "type": "MicrosoftMonitoringAgent",
            "typeHandlerVersion": "1.0",
            "autoUpgradeMinorVersion": true,
            "settings": {
              "workspaceId": "[reference(resourceId(parameters('WorkspaceRG'),'Microsoft.OperationalInsights/workspaces/', parameters('WorkspaceName')), '2015-03-20').customerId]"
            },
            "protectedSettings": {
              "workspaceKey": "[listKeys(resourceId(parameters('WorkspaceRG'),'Microsoft.OperationalInsights/workspaces/', parameters('WorkspaceName')), '2015-03-20').primarySharedKey]"
            }
          }

        }
      ]
    },
    {
      "name": "[concat(variables('vmName'),'/CustomScriptExtension')]",
      "type": "Microsoft.Compute/virtualMachines/extensions",
      "location": "[parameters('location')]",
      "apiVersion": "2017-03-30",
      "tags": {
        "Environment": "[parameters('Environment')]",
        "AppName": "[parameters('AppName')]",
        "FinancialOwner": "[parameters('FinancialOwner')]",
        "OpsOwner": "[parameters('OpsOwner')]"
      },
      "properties": {
        "publisher": "Microsoft.Compute",
        "type": "CustomScriptExtension",
        "typeHandlerVersion": "1.9",
        "autoUpgradeMinorVersion": true,
        "settings": {
          "fileUris": [
            "[parameters('scriptlocation')]"
          ],
          "commandToExecute": "[concat('powershell -ExecutionPolicy Unrestricted -File ', variables('ScriptFolder'), '/midserver/Microsoft.Compute/', parameters('nestedScriptFileName'), ' ', variables('scriptParameters'))]"
        }
      },
      "dependsOn": [
        "Microsoft.EnterpriseCloud.Monitoring"
      ]
    }
  ]
}