﻿{
  "$schema": "https://schema.management.azure.com/schemas/2015-01-01/deploymentParameters.json#",
  "contentVersion": "1.0.0.0",
  "parameters": {
    "Purpose": {
      "value": "Platform"
    },
    "Dname": {
      "value": "p"
    },
    "Dno": {
      "value": "004"
    },
    "HDname": {
      "value": "p"
    },
    "HDno": {
      "value": "001"
    },
    "SubscriptionID": {
      "value": "323c3ace-1913-42da-a831-3a9f5e3cd2ac"
    },
    "AllowVirtualNetworkAccess": {
      "value": "true"
    },
    "AllowForwardedTraffic": {
      "value": "true"
    },
    "AllowGatewayTransit": {
      "value": "false"
    },
    "UseRemoteGateways": {
      "value": "true"
    }
  }
}