﻿{
    "$schema": "https://schema.management.azure.com/schemas/2015-01-01/deploymentParameters.json#",
    "contentVersion": "1.0.0.0",
  "parameters": {
    "_artifactsLocation": {
      "value": null
    },
    "_artifactsLocationSasToken": {
      "value": null
    },
    "FinancialOwner": {
      "value": "Sogeti-Capgemini"
    },
    "Environment": {
      "value": "SharedServices"
    },
    "OpsOwner": {
      "value": "Sogeti-Capgemini"
    },
    "Purpose": {
      "value": "platform"
    },
    "DName": {
      "value": "ss"
    },
    "DNo": {
      "value": "501"
    },
    "Zone": {
      "value": "mm"
    },
    "AppName": {
      "value": "logicmon"
    },
    "ExistingVirtualNetworkName": {
      "value": "vnet-ss-501"
    },
    "ExistingVirtualNetworkRGName": {
      "value": "rg-vnet-platform-ss-501"
    },
    "ExistingSubnetName": {
      "value": "subnet-mmjumpbox-ss"
    },
    "ExistingKeyvaultName": {
      "value": "keyvault-logicmon-ss-501"
    },
    "ExistingKeyvaultRGName": {
      "value": "rg-logicmon-platform-ss-501"
    },
    "ExistingStorageAccountName": {
      "value": "storagediagss"
    },
    "AdminUsername": {
      "value": "enecoadmin"
    },
    "AvailabilitySet": {
      "value": "Yes"
    },
    "OSType": {
      "value": "Windows"
    },
    "OSVersion": {
      "value": "2016-Datacenter"
    },
    "VMSize": {
      "value": "Standard_B2MS"
    },
    "DataDiskSize": {
      "value": 100
    },
    "PublicIPAddress": {
      "value": "None"
    },
    "WorkspaceRG": {
      "value": "rg-oms-platform-ss-501"
    },
    "WorkspaceName": {
      "value": "oms-servicenow-ss-501"
    },
    "BackupEnable": {
      "value": "Yes"
    },
    "BackupVaultRGName": {
      "value": "rg-backup-platform-ss-501"
    },
    "BackupVaultName": {
      "value": "vault-ss"
    },
    "BackupFabricName": {
      "value": "Azure"
    },
    "BackupPolicyName": {
      "value": "DefaultPolicy"
    },
    "Daily Power On/Off Schedule": {
      "value": "No"
    },
    "PowerOnSchedule": {
      "value": 6
    },
    "PowerOffSchedule": {
      "value": 19
    },
    "typeHandlerVersion": {
      "value": "1.0"
    },
    "OMS": {
      "value": "MicrosoftMonitoringAgent"
    },
    "offer": {
      "value": "WindowsServer"
    }
  }
  }