{
  "$schema": "https://schema.management.azure.com/schemas/2015-01-01/deploymentTemplate.json#",
  "contentVersion": "1.0.0.0",
  "parameters": {
    "FinancialOwner": {
      "defaultValue": "Unassigned",
      "type": "string",
      "metadata": {
        "description": "Financial owner and thus Accountable for resource"
      }
    },
      "Environment": {
        "defaultValue": "Development",
        "allowedValues": [ "SharedServices", "Sandbox", "Development", "Test", "Acceptance", "Production" ],
        "type": "string",
        "metadata": {
          "description": "Identify the environment in which the application is running "
        }
      },
      "OpsOwner": {
        "type": "string",
        "metadata": {
          "description": "Name of the Owner of the Azure Resource"
        }
      },
      "DNo": {
        "defaultValue": "501",
        "type": "string",
        "metadata": {
          "description": "The Dno indicates the number of the application among the environments"
        }
      },
      "Zone": {
        "type": "string",
        "defaultValue": "mm",
        "allowedValues": [ "af", "ab", "db", "mm" ],
        "maxLength": 2,
        "minLength": 1,
        "metadata": {
          "description": "Role of the VM"
        }
      },
      "AppName": {
        "type": "string",
        "defaultValue": "app1",
        "maxLength": 15,
        "minLength": 2,
        "metadata": {
          "description": "The name of the application"
        }
      },
      "ExistingVirtualNetworkName": {
        "type": "string",
        "allowedValues": [
          "vnet-ss-501",
          "vnet-sb-401",
          "vnet-d-301",
          "vnet-t-201",
          "vnet-a-101",
          "vnet-a-102",
          "vnet-p-001",
          "vnet-p-002"
        ],
        "metadata": {
          "description": "Existing Vnet Name"
        }
      },
      "ExistingVirtualNetworkRGName": {
        "type": "string",
        "allowedValues": [
          "rg-vnet-platform-ss-501",
          "rg-vnet-platform-sb-401",
          "rg-vnet-platform-d-301",
          "rg-vnet-platform-t-201",
          "rg-vnet-platform-a-101",
          "rg-vnet-platform-a-102",
          "rg-vnet-platform-p-001",
          "rg-vnet-platform-p-002"
        ],
        "metadata": {
          "description": "Rsource Group Name for the existing Vnet"
        }
      },
      "ExistingSubnetName": {
        "type": "string",
        "metadata": {
          "description": "The name of Subnet in VNet"
        }
      },
      "PublicIPAddress": {
        "defaultValue": "None",
        "type": "string",
        "allowedValues": [
          "None",
          "Dynamic",
          "Static"
        ],
        "metadata": {
          "description": "Public IP address allocation"
        }
      }
    },
  "variables": {
    "PublicIPAddressName": "[concat(parameters('Zone'),parameters('AppName'),'-',parameters('DNo'),'-ip')]",
    "NICName": "[concat(parameters('Zone'),parameters('AppName'),'-',parameters('DNo'),'-nic')]",
    "vnetID": "[resourceId(parameters('ExistingVirtualNetworkRGName'), 'Microsoft.Network/virtualNetworks', parameters('ExistingVirtualNetworkName'))]",
    "SubnetRef": "[concat(variables('vnetID'),'/subnets/', parameters('ExistingSubnetName'))]",
    "PublicIPAddressID": {
      "id": "[resourceId ('Microsoft.Network/publicIPAddresses/', variables('PublicIPAddressName'))]"
    }
  },
  "resources": [
    {
      "condition": "[not(equals(parameters('PublicIPAddress'),'None'))]",
      "apiVersion": "2016-03-30",
      "type": "Microsoft.Network/publicIPAddresses",
      "name": "[variables('publicIPAddressName')]",
      "location": "[resourceGroup().location]",
      "tags": {
        "Environment": "[parameters('Environment')]",
        "AppName": "[parameters('AppName')]",
        "FinancialOwner": "[parameters('FinancialOwner')]",
        "OpsOwner": "[parameters('OpsOwner')]"
      },
      "properties": {
        "publicIPAllocationMethod": "[parameters('PublicIPAddress')]"
      }
    },

    {
      "apiVersion": "2016-06-01",
      "type": "Microsoft.Network/networkInterfaces",
      "name": "[variables('NICName')]",
      "location": "[resourceGroup().location]",
      "tags": {
        "Environment": "[parameters('Environment')]",
        "AppName": "[parameters('AppName')]",
        "FinancialOwner": "[parameters('FinancialOwner')]",
        "OpsOwner": "[parameters('OpsOwner')]"
      },
      "dependsOn": [
        "[concat('Microsoft.Network/publicIPAddresses/', variables('PublicIPAddressName'))]"
      ],
      "properties": {
        "ipConfigurations": [
          {
            "name": "ipconfig1",
            "properties": {
              "publicIPAddress": "[if(not(equals(parameters('PublicIPAddress'), 'None')), variables('PublicIPAddressID'), json('null'))]",
              "privateIPAllocationMethod": "Dynamic",
              "subnet": {
                "id": "[variables('SubnetRef')]"
              }
            }
          }
        ]
      }
    }
  ]
}