{
  "$schema": "https://schema.management.azure.com/schemas/2015-01-01/deploymentTemplate.json#",
  "contentVersion": "1.0.0.0",
  "parameters": {
    "FinancialOwner": {
      "defaultValue": "Unassigned",
      "type": "string",
      "metadata": {
        "description": "Financial owner and thus Accountable for resource"
      }
    },
    "Environment": {
      "defaultValue": "Development",
      "allowedValues": [ "SharedServices", "Sandbox", "Development", "Test", "Acceptance", "Production" ],
      "type": "string",
      "metadata": {
        "description": "Identify the environment in which the application is running "
      }
    },
    "OpsOwner": {
      "type": "string",
      "metadata": {
        "description": "Name of the Owner of the Azure Resource"
      }
    },
    "DName": {
      "defaultValue": "ss",
      "allowedValues": [ "ss", "sb", "d", "t", "a", "p" ],
      "minLength": 1,
      "maxLength": 2,
      "type": "string",
      "metadata": {
        "description": "The name of the environment within DTAP."
      }
    },
    "DNo": {
      "defaultValue": "501",
      "type": "string",
      "metadata": {
        "description": "The Dno indicates the number of the application among the environments"
      }
    },
    "AppName": {
      "type": "string",
      "defaultValue": "app1",
      "maxLength": 15,
      "minLength": 2,
      "metadata": {
        "description": "The name of the application"
      }
    },
    "KeysPermissions": {
      "type": "array",
      "defaultValue": [ "Get", "List", "Update", "Create", "Import", "Delete", "Recover", "Backup", "Restore" ],
      "metadata": {
        "description": "Permissions to keys in the vault. Valid values are: all, create, import, update, get, list, delete, backup, restore, encrypt, decrypt, wrapkey, unwrapkey, sign, and verify."
      }
    },
    "SecretsPermissions": {
      "type": "array",
      "defaultValue": [ "Get", "List", "Set", "Delete", "Recover", "Backup", "Resotre" ],
      "metadata": {
        "description": "Permissions to secrets in the vault. Valid values are: all, get, set, list, and delete."
      }
    },
    "SKUName": {
      "type": "string",
      "defaultValue": "Standard",
      "allowedValues": [
        "Standard",
        "Premium"
      ],
      "metadata": {
        "description": "SKU for the vault"
      }
    },
    "EnableForTemplateDeployment": {
      "type": "bool",
      "defaultValue": true,
      "allowedValues": [
        true,
        false
      ],
      "metadata": {
        "description": "Specifies whether Azure Resource Manager is permitted to retrieve secrets from the key vault."
      }
    },
    "EnableVaultForDeployment": {
      "type": "bool",
      "defaultValue": false,
      "allowedValues": [
        true,
        false
      ],
      "metadata": {
        "description": "Specifies if the vault is enabled for a VM deployment"
      }
    },
    "EnableVaultForDiskEncryption": {
      "type": "bool",
      "defaultValue": false,
      "allowedValues": [
        true,
        false
      ],
      "metadata": {
        "description": "Specifies if the azure platform has access to the vault for enabling disk encryption scenarios."
      }
    },
    "SecretValue": {
      "type": "string",
	  "defaultValue": "mypassword@1234"
      "metadata": {
        "description": "Password for the local admin account"
      }
    }
  },
  "variables": {
    "KeyVaultName": "[concat('keyvault-',parameters('AppName'), '-', parameters('DName'), '-', parameters('DNo'))]"
  },
  "resources": [
    {
      "type": "Microsoft.KeyVault/vaults",
      "name": "[variables('KeyVaultName')]",
      "apiVersion": "2016-10-01",
      "location": "[resourceGroup().location]",
      "tags": {
        "Environment": "[parameters('Environment')]",
        "AppName": "[parameters('AppName')]",
        "FinancialOwner": "[parameters('FinancialOwner')]",
        "OpsOwner": "[parameters('OpsOwner')]"
      },
      "properties": {
        "enabledForDeployment": "[parameters('EnableVaultForDeployment')]",
        "enabledForDiskEncryption": "[parameters('EnableVaultForDiskEncryption')]",
        "enabledForTemplateDeployment": "[parameters('EnableForTemplateDeployment')]",
        "tenantId": "[subscription().tenantId]",
        "accessPolicies": [],
        "sku": {
          "name": "[parameters('SKUName')]",
          "family": "A"
        }
      }
    },
    {
      "type": "Microsoft.KeyVault/vaults/secrets",
      "name": "[concat(variables('KeyVaultName'), '/', 'EnecoAdmin')]",
      "apiVersion": "2015-06-01",
      "properties": {
        "value": "[parameters('SecretValue')]"
      },
      "dependsOn": [
        "[concat('Microsoft.KeyVault/vaults/', variables('KeyVaultName'))]"
      ]
    }
  ]
}
