﻿{
  "$schema": "https://schema.management.azure.com/schemas/2015-01-01/deploymentParameters.json#",
  "contentVersion": "1.0.0.0",
  "parameters": {
    "Purpose": {
      "value": "Platform"
    },
    "Dname": {
      "value": "sb"
    },
    "Dno": {
      "value": "402"
    },
    "HDname": {
      "value": "ss"
    },
    "HDno": {
      "value": "501"
    },
    "SubscriptionID": {
      "value": "1a40c5cd-b1f4-42db-afee-d4d4a8705807"
    },
    "AllowVirtualNetworkAccess": {
      "value": "true"
    },
    "AllowForwardedTraffic": {
      "value": "true"
    },
    "AllowGatewayTransit": {
      "value": "false"
    },
    "UseRemoteGateways": {
      "value": "true"
    }
  }
}