{
  "$schema": "https://schema.management.azure.com/schemas/2015-01-01/deploymentParameters.json#",
  "contentVersion": "1.0.0.0",
  "parameters": {
    "_artifactsLocation": {
      "value": null
    },
    "_artifactsLocationSasToken": {
      "value": null
    },
    "FinancialOwner": {
      "value": "Unassigned"
    },
    "Environment": {
      "value": "Sandbox"
    },
    "OpsOwner": {
      "value": "Unassigned"
    },
    "Purpose": {
      "value": "app"
    },
    "DName": {
      "value": "sb"
    },
    "DNo": {
      "value": "401"
    },
    "Zone": {
      "value": "af"
    },
    "AppName": {
      "value": "opentext"
    },
    "ExistingVirtualNetworkName": {
      "value": "vnet-sb-401"
    },
    "ExistingVirtualNetworkRGName": {
      "value": "rg-vnet-platform-sb-401"
    },
    "ExistingSubnetName": {
      "value": "subnet-afopentext-sb"
    },
    "ExistingKeyvaultName": {
      "value": "keyvault-opentext-sb-401"
    },
    "ExistingKeyvaultRGName": {
      "value": "rg-opentext-af-sb-401"
    },
    "ExistingStorageAccountName": {
      "value": "storagediagsb"
    },
    "AdminUsername": {
      "value": "enecoadmin"
    },
    "AvailabilitySet": {
      "value": "No"
    },
    "OSType": {
      "value": "Windows"
    },
    "OSVersion": {
      "value": "2016-Datacenter"
    },
    "VMSize": {
      "value": "Standard_DS2_v2"
    },
    "DataDiskSize": {
      "value": 250
    },
    "PublicIPAddress": {
      "value": "None"
    },
    "WorkspaceRG": {
      "value": "rg-oms-platform-sbdt-601"
    },
    "WorkspaceName": {
      "value": "oms-servicenow-sbdt-601"
    },
    "BackupEnable": {
      "value": "Yes"
    },
    "BackupVaultRGName": {
      "value": "rg-backup-platform-sbdt-601"
    },
    "BackupVaultName": {
      "value": "vault-sbdt"
    },
    "BackupFabricName": {
      "value": "Azure"
    },
    "BackupPolicyName": {
      "value": "Daily-full-backup-with-7days-retention"
    },
    "Daily Power On/Off Schedule": {
      "value": "No"
    },
    "PowerOnSchedule": {
      "value": 6
    },
    "PowerOffSchedule": {
      "value": 19
    },
    "typeHandlerVersion": {
      "value": "1.0"
    },
    "OMS": {
      "value": "MicrosoftMonitoringAgent"
    },
    "offer": {
      "value": "WindowsServer"
    }
  }
}