{
  "$schema": "https://schema.management.azure.com/schemas/2015-01-01/deploymentParameters.json#",
  "contentVersion": "1.0.0.0",
  "parameters": {
    "_artifactsLocation": {
      "value": null
    },
    "_artifactsLocationSasToken": {
      "value": null
    },
    "FinancialOwner": {
      "value": "Sogeti-Capgemini"
    },
    "Environment": {
      "value": "SharedServices"
    },
    "OpsOwner": {
      "value": "Sogeti-Capgemini"
    },
    "Purpose": {
      "value": "app"
    },
    "DName": {
      "value": "ss"
    },
    "DNo": {
      "value": "501"
    },
    "Zone": {
      "value": "mm"
    },
    "AppName": {
      "value": "linjumpbox"
    },
    "ExistingVirtualNetworkName": {
      "value": "vnet-ss-501"
    },
    "ExistingVirtualNetworkRGName": {
      "value": "rg-vnet-platform-ss-501"
    },
    "ExistingSubnetName": {
      "value": "subnet-aksjumpbox-ss"
    },
    "ExistingKeyvaultName": {
      "value": "keyvault-aks-ss-501"
    },
    "ExistingKeyvaultRGName": {
      "value": "rg-aksjumpbox-ss-501"
    },
    "ExistingStorageAccountName": {
      "value": "storagediagss"
    },
    "AdminUsername": {
      "value": "enecoadmin"
    },
    "AvailabilitySet": {
      "value": "No"
    },
    "OSType": {
      "value": "Linux"
    },
    "OSVersion": {
      "value": "7.4"
    },
    "VMSize": {
      "value": "Standard_B1ms"
    },
    "DataDiskSize": {
      "value": 100
    },
    "PublicIPAddress": {
      "value": "None"
    },
    "WorkspaceRG": {
      "value": "rg-oms-platform-ss-501"
    },
    "WorkspaceName": {
      "value": "oms-servicenow-ss-501"
    },
    "BackupEnable": {
      "value": "Yes"
    },
    "BackupVaultRGName": {
      "value": "rg-backup-platform-ss-501"
    },
    "BackupVaultName": {
      "value": "vault-ss"
    },
    "BackupFabricName": {
      "value": "Azure"
    },
    "BackupPolicyName": {
      "value": "Daily-full-backup-with-7days-retention"
    },
    "Daily Power On/Off Schedule": {
      "value": "Yes"
    },
    "PowerOnSchedule": {
      "value": 7
    },
    "PowerOffSchedule": {
      "value": 19
    }
  },
  "typeHandlerVersion": {
    "value": "1.6"
  },
  "OMS": {
    "value": "OmsAgentForLinux"
  },
  "offer": {
    "value": "RHEL"
  }
}