﻿{
  "$schema": "https://schema.management.azure.com/schemas/2015-01-01/deploymentTemplate.json#",
  "contentVersion": "1.0.0.0",
  "parameters": {
    "_artifactsLocation": {
      "type": "string"
    },
    "_artifactsLocationSasToken": {
      "type": "securestring"
    },
    "configurationParameters": {
      "type": "object"
    }
  },
  "variables": {
    "apimInstanceName": "[concat(parameters('configurationParameters').apiManagementServiceName, parameters('configurationParameters').environment)]"
  },
  "resources": [
    {
      "type": "Microsoft.ApiManagement/service/apis/operations",
      "apiVersion": "2018-01-01",
      "name": "[concat(variables('apimInstanceName'), '/companyinfo/creditcheck')]",
      "properties": {
        "displayName": "Credit Check",
        "method": "GET",
        "urlTemplate": "/creditcheckresult?duns={duns}&contractvalue={contractvalue}",
        "templateParameters": [
          {
            "name": "duns",
            "description": "",
            "type": "string",
            "required": true,
            "values": []
          },
          {
            "name": "contractvalue",
            "description": "",
            "type": "string",
            "required": true,
            "values": []
          }
        ],
        "description": "",
        "responses": [
          {
            "statusCode": 200,
            "representations": [],
            "headers": []
          },
          {
            "statusCode": 500,
            "representations": [],
            "headers": []
          }
        ]
      }
    },

    {
      "type": "Microsoft.ApiManagement/service/apis/operations/policies",
      "apiVersion": "2018-01-01",
      "name": "[concat(variables('apimInstanceName'), '/companyinfo/creditcheck/policy')]",
      "properties": {
        "policyContent": "[concat(parameters('_artifactsLocation'), '/Microsoft.ApiManagement/Templates/APIs/CompanyInfo/Policy-CompanyInfo-Credit-Check.xml', parameters('_artifactsLocationSasToken'))]",
        "contentFormat": "rawxml-link"
      },
      "dependsOn": [
        "[resourceId('Microsoft.ApiManagement/service/apis/operations', variables('apimInstanceName'), 'companyinfo', 'creditcheck')]"
      ]
    }
  ],
  "outputs": {
  }
}