﻿{
  "$schema": "https://schema.management.azure.com/schemas/2015-01-01/deploymentTemplate.json#",
  "contentVersion": "1.0.0.0",
  "parameters": {
    "configurationParameters": {
      "type": "object"
    },
    "dependencies": {
      "type": "object"
    }
  },
  "variables": {
    "connectionName": "[concat(parameters('configurationParameters').apiConnections.connectionTableStorageName, parameters('configurationParameters').environment)]",
    "storageAccount": "[parameters('dependencies').storageAccount.name]",
    "sharedKey": "[parameters('dependencies').storageAccount.key]"
  },
  "resources": [
    {
      "type": "Microsoft.Web/connections",
      "apiVersion": "2016-06-01",
      "location": "[resourceGroup().location]",
      "name": "[variables('connectionName')]",
      "properties": {
        "api": {
          "id": "[concat('/subscriptions/', subscription().subscriptionId, '/providers/Microsoft.Web/locations/', resourceGroup().location, '/managedApis/azuretables')]"
        },
        "displayName": "[variables('connectionName')]",
        "parameterValues": {
          "storageaccount": "[variables('storageAccount')]",
          "sharedkey": "[variables('sharedKey')]"
        }
      }
    }
  ],
  "outputs": {
    "connectionName": {
      "type": "string",
      "value": "[variables('connectionName')]"
    }
  }
}
