﻿{
    "$schema": "http://schema.management.azure.com/schemas/2015-01-01/deploymentParameters.json#",
    "contentVersion": "1.0.0.0",
  "parameters": {
    "VnetResourcegroup": {
      "value": "rg-vnet-platform-p-001"
    },
    "VnetName": {
      "value": "vnet-p-001"
    },
    "subnetName": {
      "value": "subnet-mmcitrixcc-p"
    },
    "subnetPrefix": {
      "value": "10.75.0.160/28"
    },
    "NSGName": {
      "value": "nsg-mmcitrixcc-p"
    },
    "UDRRouteName": {
      "value": "udr-p-001"
    },
    "serviceEndpoints": {
      "value": "No"
    },
    "service": {
      "value": [
        {
          "service": "Microsoft.Sql"
        }
      ]
    }
  }
}