﻿{
  "$schema": "https://schema.management.azure.com/schemas/2015-01-01/deploymentTemplate.json#",
  "contentVersion": "1.0.0.0",
  "parameters": {
    "_artifactsLocation": {
      "type": "string"
    },
    "_artifactsLocationSasToken": {
      "type": "securestring"
    },
    "configurationParameters": {
      "type": "object"
    }
  },
  "variables": {
    "apimInstanceName": "[concat(parameters('configurationParameters').apiManagementServiceName, parameters('configurationParameters').environment)]",
    "apiName": "vpexport",
    "operationName": "ExportRequest"
  },
  "resources": [
    {
      "type": "Microsoft.ApiManagement/service/apis/operations",
      "apiVersion": "2018-01-01",
      "name": "[concat(variables('apimInstanceName'), '/', variables('apiName'), '/',  variables('operationName'))]",
      "properties": {
        "displayName": "Export Request",
        "method": "POST",
        "urlTemplate": "/Request/",
        "templateParameters": [],
        "description": "",
        "request": {
          "queryParameters": [],
          "headers": [],
          "representations": []
        },
        "responses": []
      }
    },
    {
      "type": "Microsoft.ApiManagement/service/apis/operations/policies",
      "apiVersion": "2018-01-01",
      "name": "[concat(variables('apimInstanceName'), '/', variables('apiName'), '/',  variables('operationName'), '/policy')]",
      "properties": {
        "policyContent": "[concat(parameters('_artifactsLocation'),'/Microsoft.ApiManagement/Templates/APIs/VerbruikenPlatformExportApi/Policy-VP-Export.xml', parameters('_artifactsLocationSasToken'))]",
        "contentFormat": "rawxml-link"
      },
      "dependsOn": [
        "[resourceId('Microsoft.ApiManagement/service/apis/operations', variables('apimInstanceName'), variables('apiName'), variables('operationName'))]"
      ]
    }
  ],
  "outputs": {
  }
}