﻿{
    "$schema": "https://schema.management.azure.com/schemas/2015-01-01/deploymentParameters.json#",
    "contentVersion": "1.0.0.0",
  "parameters": {
    "FinancialOwner": {
      "value": "Sogeti-Capgemini"
    },
    "Environment": {
      "value": "Production"
    },
    "OpsOwner": {
      "value": "Sogeti-Capgemini"
    },
    "DName": {
      "value": "p"
    },
    "Zone": {
      "value": "mm"
    },
    "AppName": {
      "value": "dcop"
    },
    "NSGProperties": {
      "value": {
        "SecurityRules": [
          {
            "name": "AllOW_INTERNET_OUT",
            "properties": {
              "description": "Allow outbound traffic from all VMs to Internet",
              "protocol": "*",
              "access": "Allow",
              "priority": 101,
              "direction": "Outbound",
              "sourcePortRange": "*",
              "destinationPortRange": "*",
              "sourceAddressPrefix": "*",
              "destinationAddressPrefix": "Internet",
              "sourcePortRanges": [],
              "destinationPortRanges": [],
              "sourceAddressPrefixes": [],
              "destinationAddressPrefixes": []
            }
          },
          {
            "name": "ALLOW_CapMGMTServer_IN",
            "properties": {
              "protocol": "*",
              "access": "Allow",
              "priority": 200,
              "direction": "Inbound",
              "sourcePortRange": "*",
              "destinationPortRange": "*",
              "sourceAddressPrefix": "",
              "destinationAddressPrefix": "10.75.0.128/28",
              "sourcePortRanges": [],
              "destinationPortRanges": [],
              "sourceAddressPrefixes": [
                "10.213.66.80",
                "10.213.66.132",
                "10.213.66.64",
                "10.213.66.102",
                "10.213.66.95",
                "10.213.66.94",
                "10.213.66.93",
                "10.213.66.20",
                "10.213.66.25",
                "10.213.66.27",
                "10.213.66.32",
                "10.213.66.26",
                "10.213.66.85",
                "10.213.66.69"
              ],
              "destinationAddressPrefixes": []
            }
          },
          {
            "name": "ALLOW_SNOW_SCAN_IN",
            "properties": {
              "protocol": "*",
              "access": "Allow",
              "priority": 2000,
              "direction": "Inbound",
              "sourcePortRange": "*",
              "sourceAddressPrefix": "10.75.0.0/28",
              "destinationAddressPrefix": "10.75.0.128/28",
              "sourcePortRanges": [],
              "destinationPortRanges": [ "161", "162", "53", "22", "5988", "5989", "135", "445", "389", "137", "5985", "443", "80", "49152-65535", "24158", "1027" ],
              "sourceAddressPrefixes": [],
              "destinationAddressPrefixes": []
            }
          },
          {
            "name": "ALLOW_SNOW_SCAN_OUT",
            "properties": {
              "protocol": "*",
              "access": "Allow",
              "priority": 2000,
              "direction": "Outbound",
              "sourcePortRange": "*",
              "sourceAddressPrefix": "10.73.0.128/28",
              "destinationAddressPrefix": "10.73.0.0/28",
              "sourcePortRanges": [],
              "destinationPortRanges": [ "161", "162", "53", "22", "5988", "5989", "135", "445", "389", "137", "5985", "443", "80", "49152-65535", "24158", "1027" ],
              "sourceAddressPrefixes": [],
              "destinationAddressPrefixes": []
            }
          },
          {
            "name": "DENY_All_IN",
            "properties": {
              "description": "Deny all inbound traffic",
              "protocol": "*",
              "access": "Deny",
              "priority": 4096,
              "direction": "Inbound",
              "sourcePortRange": "*",
              "destinationPortRange": "*",
              "sourceAddressPrefix": "*",
              "destinationAddressPrefix": "*",
              "sourcePortRanges": [],
              "destinationPortRanges": [],
              "sourceAddressPrefixes": [],
              "destinationAddressPrefixes": []
            }
          },
          {
            "name": "DENY_All_OUT",
            "properties": {
              "description": "Deny all outbound traffic",
              "protocol": "*",
              "access": "Deny",
              "priority": 4096,
              "direction": "Outbound",
              "sourcePortRange": "*",
              "destinationPortRange": "*",
              "sourceAddressPrefix": "*",
              "destinationAddressPrefix": "*",
              "sourcePortRanges": [],
              "destinationPortRanges": [],
              "sourceAddressPrefixes": [],
              "destinationAddressPrefixes": []
            }
          },
          {
            "name": "ALLOW_LOCALNET_IN",
            "properties": {
              "protocol": "*",
              "access": "Allow",
              "priority": 201,
              "direction": "Inbound",
              "sourcePortRange": "*",
              "destinationPortRange": "*",
              "sourceAddressPrefix": "10.75.0.128/28",
              "destinationAddressPrefix": "10.75.0.128/28",
              "sourcePortRanges": [],
              "destinationPortRanges": [],
              "sourceAddressPrefixes": [],
              "destinationAddressPrefixes": []
            }
          },
          {
            "name": "ALLOW_LDAP_IN",
            "properties": {
              "protocol": "*",
              "access": "Allow",
              "priority": 202,
              "direction": "Inbound",
              "sourcePortRange": "*",
              "destinationPortRange": "389",
              "sourceAddressPrefix": "",
              "destinationAddressPrefix": "10.75.0.128/28",
              "sourcePortRanges": [],
              "destinationPortRanges": [],
              "sourceAddressPrefixes": [ "10.213.66.18", "10.213.66.13", "10.213.66.14", "10.213.66.17", "10.75.0.160/28", "10.77.128.0/21", "10.77.136.0/24" ],
              "destinationAddressPrefixes": []
            }
          },
          {
            "name": "ALLOW_LDAP-SSL_IN",
            "properties": {
              "protocol": "Tcp",
              "access": "Allow",
              "priority": 203,
              "direction": "Inbound",
              "sourcePortRange": "*",
              "destinationPortRange": "636",
              "sourceAddressPrefix": "",
              "destinationAddressPrefix": "10.75.0.128/28",
              "sourcePortRanges": [],
              "destinationPortRanges": [],
              "sourceAddressPrefixes": [ "10.213.66.18", "10.213.66.13", "10.213.66.14", "10.213.66.17", "10.75.0.160/28", "10.77.128.0/21", "10.77.136.0/24" ],
              "destinationAddressPrefixes": []
            }
          },
          {
            "name": "ALLOW_LDAP-GC_IN",
            "properties": {
              "protocol": "Tcp",
              "access": "Allow",
              "priority": 204,
              "direction": "Inbound",
              "sourcePortRange": "*",
              "destinationPortRange": "3268",
              "sourceAddressPrefix": "",
              "destinationAddressPrefix": "10.75.0.128/28",
              "sourcePortRanges": [],
              "destinationPortRanges": [],
              "sourceAddressPrefixes": [ "10.213.66.18", "10.213.66.13", "10.213.66.14", "10.213.66.17", "10.75.0.160/28", "10.77.128.0/21", "10.77.136.0/24" ],
              "destinationAddressPrefixes": []
            }
          },
          {
            "name": "ALLOW_LDAP-GC_SSL_IN",
            "properties": {
              "protocol": "Tcp",
              "access": "Allow",
              "priority": 205,
              "direction": "Inbound",
              "sourcePortRange": "*",
              "destinationPortRange": "3269",
              "sourceAddressPrefix": "",
              "destinationAddressPrefix": "10.75.0.128/28",
              "sourcePortRanges": [],
              "destinationPortRanges": [],
              "sourceAddressPrefixes": [ "10.213.66.18", "10.213.66.13", "10.213.66.14", "10.213.66.17", "10.75.0.160/28", "10.77.128.0/21", "10.77.136.0/24" ],
              "destinationAddressPrefixes": []
            }
          },
          {
            "name": "ALLOW_KERBEROS_IN",
            "properties": {
              "protocol": "*",
              "access": "Allow",
              "priority": 206,
              "direction": "Inbound",
              "sourcePortRange": "*",
              "destinationPortRange": "88",
              "sourceAddressPrefix": "",
              "destinationAddressPrefix": "10.75.0.128/28",
              "sourcePortRanges": [],
              "destinationPortRanges": [],
              "sourceAddressPrefixes": [ "10.213.66.18", "10.213.66.13", "10.213.66.14", "10.213.66.17", "10.75.0.160/28", "10.77.128.0/21", "10.77.136.0/24" ],
              "destinationAddressPrefixes": []
            }
          },
          {
            "name": "ALLOW_DNS_IN",
            "properties": {
              "protocol": "*",
              "access": "Allow",
              "priority": 207,
              "direction": "Inbound",
              "sourcePortRange": "*",
              "destinationPortRange": "53",
              "sourceAddressPrefix": "",
              "destinationAddressPrefix": "10.75.0.128/28",
              "sourcePortRanges": [],
              "destinationPortRanges": [],
              "sourceAddressPrefixes": [ "10.213.66.18", "10.213.66.13", "10.213.66.14", "10.213.66.17", "10.75.0.160/28", "10.77.128.0/21", "10.77.136.0/24" ],
              "destinationAddressPrefixes": []
            }
          },
          {
            "name": "ALLOW_SMB_IN",
            "properties": {
              "protocol": "*",
              "access": "Allow",
              "priority": 208,
              "direction": "Inbound",
              "sourcePortRange": "*",
              "destinationPortRange": "445",
              "sourceAddressPrefix": "",
              "destinationAddressPrefix": "10.75.0.128/28",
              "sourcePortRanges": [],
              "destinationPortRanges": [],
              "sourceAddressPrefixes": [ "10.213.66.18", "10.213.66.13", "10.213.66.14", "10.213.66.17", "10.75.0.160/28", "10.77.128.0/21", "10.77.136.0/24" ],
              "destinationAddressPrefixes": []
            }
          },
          {
            "name": "ALLOW_SMTP_IN",
            "properties": {
              "protocol": "Tcp",
              "access": "Allow",
              "priority": 209,
              "direction": "Inbound",
              "sourcePortRange": "*",
              "destinationPortRange": "25",
              "sourceAddressPrefix": "",
              "destinationAddressPrefix": "10.75.0.128/28",
              "sourcePortRanges": [],
              "destinationPortRanges": [],
              "sourceAddressPrefixes": [ "10.213.66.18", "10.213.66.13", "10.213.66.14", "10.213.66.17", "10.75.0.160/28", "10.77.128.0/21", "10.77.136.0/24" ],
              "destinationAddressPrefixes": []
            }
          },
          {
            "name": "ALLOW_RPC-EPM_IN",
            "properties": {
              "protocol": "Tcp",
              "access": "Allow",
              "priority": 210,
              "direction": "Inbound",
              "sourcePortRange": "*",
              "destinationPortRange": "135",
              "sourceAddressPrefix": "",
              "destinationAddressPrefix": "10.75.0.128/28",
              "sourcePortRanges": [],
              "destinationPortRanges": [],
              "sourceAddressPrefixes": [ "10.213.66.18", "10.213.66.13", "10.213.66.14", "10.213.66.17", "10.75.0.160/28", "10.77.128.0/21", "10.77.136.0/24" ],
              "destinationAddressPrefixes": []
            }
          },
          {
            "name": "ALLOW_TCP-DYNAMIC_IN",
            "properties": {
              "protocol": "Tcp",
              "access": "Allow",
              "priority": 211,
              "direction": "Inbound",
              "sourcePortRange": "*",
              "destinationPortRange": "49152-65535",
              "sourceAddressPrefix": "",
              "destinationAddressPrefix": "10.75.0.128/28",
              "sourcePortRanges": [],
              "destinationPortRanges": [],
              "sourceAddressPrefixes": [ "10.213.66.18", "10.213.66.13", "10.213.66.14", "10.213.66.17", "10.75.0.160/28", "10.77.128.0/21", "10.77.136.0/24" ],
              "destinationAddressPrefixes": []
            }
          },
          {
            "name": "ALLOW_UDP-DYNAMIC_IN",
            "properties": {
              "protocol": "Udp",
              "access": "Allow",
              "priority": 212,
              "direction": "Inbound",
              "sourcePortRange": "*",
              "destinationPortRange": "49152-65535",
              "sourceAddressPrefix": "",
              "destinationAddressPrefix": "10.75.0.128/28",
              "sourcePortRanges": [],
              "destinationPortRanges": [],
              "sourceAddressPrefixes": [ "10.213.66.18", "10.213.66.13", "10.213.66.14", "10.213.66.17", "10.75.0.160/28", "10.77.128.0/21", "10.77.136.0/24" ],
              "destinationAddressPrefixes": []
            }
          },
          {
            "name": "ALLOW_RPC-DFSR_SYSVOL_IN",
            "properties": {
              "protocol": "Tcp",
              "access": "Allow",
              "priority": 213,
              "direction": "Inbound",
              "sourcePortRange": "*",
              "destinationPortRange": "5722",
              "sourceAddressPrefix": "",
              "destinationAddressPrefix": "10.75.0.128/28",
              "sourcePortRanges": [],
              "destinationPortRanges": [],
              "sourceAddressPrefixes": [ "10.213.66.18", "10.213.66.13", "10.213.66.14", "10.213.66.17", "10.75.0.160/28", "10.77.128.0/21", "10.77.136.0/24" ],
              "destinationAddressPrefixes": []
            }
          },
          {
            "name": "ALLOW_WINDOWS-TIME_IN",
            "properties": {
              "protocol": "Udp",
              "access": "Allow",
              "priority": 214,
              "direction": "Inbound",
              "sourcePortRange": "*",
              "destinationPortRange": "123",
              "sourceAddressPrefix": "",
              "destinationAddressPrefix": "10.75.0.128/28",
              "sourcePortRanges": [],
              "destinationPortRanges": [],
              "sourceAddressPrefixes": [ "10.213.66.18", "10.213.66.13", "10.213.66.14", "10.213.66.17", "10.75.0.160/28", "10.77.128.0/21", "10.77.136.0/24" ],
              "destinationAddressPrefixes": []
            }
          },
          {
            "name": "ALLOW_KERBEROS_PASSWORD_IN",
            "properties": {
              "protocol": "*",
              "access": "Allow",
              "priority": 215,
              "direction": "Inbound",
              "sourcePortRange": "*",
              "destinationPortRange": "464",
              "sourceAddressPrefix": "",
              "destinationAddressPrefix": "10.75.0.128/28",
              "sourcePortRanges": [],
              "destinationPortRanges": [],
              "sourceAddressPrefixes": [ "10.213.66.18", "10.213.66.13", "10.213.66.14", "10.213.66.17", "10.75.0.160/28", "10.77.128.0/21", "10.77.136.0/24" ],
              "destinationAddressPrefixes": []
            }
          },
          {
            "name": "ALLOW_NETLOGON-NETBIOS_IN",
            "properties": {
              "protocol": "Udp",
              "access": "Allow",
              "priority": 216,
              "direction": "Inbound",
              "sourcePortRange": "*",
              "destinationPortRange": "137",
              "sourceAddressPrefix": "",
              "destinationAddressPrefix": "10.75.0.128/28",
              "sourcePortRanges": [],
              "destinationPortRanges": [],
              "sourceAddressPrefixes": [ "10.213.66.18", "10.213.66.13", "10.213.66.14", "10.213.66.17", "10.75.0.160/28", "10.77.128.0/21", "10.77.136.0/24" ],
              "destinationAddressPrefixes": []
            }
          },
          {
            "name": "ALLOW_DFSN-NETLOGON-NETBIOS_IN",
            "properties": {
              "protocol": "Udp",
              "access": "Allow",
              "priority": 217,
              "direction": "Inbound",
              "sourcePortRange": "*",
              "destinationPortRange": "138",
              "sourceAddressPrefix": "",
              "destinationAddressPrefix": "10.75.0.128/28",
              "sourcePortRanges": [],
              "destinationPortRanges": [],
              "sourceAddressPrefixes": [ "10.213.66.18", "10.213.66.13", "10.213.66.14", "10.213.66.17", "10.75.0.160/28", "10.77.128.0/21", "10.77.136.0/24" ],
              "destinationAddressPrefixes": []
            }
          },
          {
            "name": "ALLOW_DFSN-NETBIOS-NETLOGON_IN",
            "properties": {
              "protocol": "Tcp",
              "access": "Allow",
              "priority": 218,
              "direction": "Inbound",
              "sourcePortRange": "*",
              "destinationPortRange": "139",
              "sourceAddressPrefix": "",
              "destinationAddressPrefix": "10.75.0.128/28",
              "sourcePortRanges": [],
              "destinationPortRanges": [],
              "sourceAddressPrefixes": [ "10.213.66.18", "10.213.66.13", "10.213.66.14", "10.213.66.17", "10.75.0.160/28", "10.77.128.0/21", "10.77.136.0/24" ],
              "destinationAddressPrefixes": []
            }
          },
          {
            "name": "ALLOW_SOAP_IN",
            "properties": {
              "protocol": "Tcp",
              "access": "Allow",
              "priority": 219,
              "direction": "Inbound",
              "sourcePortRange": "*",
              "destinationPortRange": "9389",
              "sourceAddressPrefix": "",
              "destinationAddressPrefix": "10.75.0.128/28",
              "sourcePortRanges": [],
              "destinationPortRanges": [],
              "sourceAddressPrefixes": [ "10.213.66.18", "10.213.66.13", "10.213.66.14", "10.213.66.17", "10.75.0.160/28", "10.77.128.0/21", "10.77.136.0/24" ],
              "destinationAddressPrefixes": []
            }
          },
          {
            "name": "ALLOW_WINS_IN",
            "properties": {
              "protocol": "Tcp",
              "access": "Allow",
              "priority": 220,
              "direction": "Inbound",
              "sourcePortRange": "*",
              "destinationPortRange": "42",
              "sourceAddressPrefix": "",
              "destinationAddressPrefix": "10.75.0.128/28",
              "sourcePortRanges": [],
              "destinationPortRanges": [],
              "sourceAddressPrefixes": [ "10.213.66.18", "10.213.66.13", "10.213.66.14", "10.213.66.17", "10.75.0.160/28", "10.77.128.0/21", "10.77.136.0/24" ],
              "destinationAddressPrefixes": []
            }
          },
          {
            "name": "ALLOW_JUMPBOX_IN",
            "properties": {
              "protocol": "*",
              "access": "Allow",
              "priority": 221,
              "direction": "Inbound",
              "sourcePortRange": "*",
              "destinationPortRange": "*",
              "sourceAddressPrefix": "10.75.0.64/28",
              "destinationAddressPrefix": "10.75.0.128/28",
              "sourcePortRanges": [],
              "destinationPortRanges": [],
              "sourceAddressPrefixes": [],
              "destinationAddressPrefixes": []
            }
          },
          {
            "name": "ALLOW_LDAP_IN_CF",
            "properties": {
              "protocol": "*",
              "access": "Allow",
              "priority": 223,
              "direction": "Inbound",
              "sourcePortRange": "*",
              "destinationPortRange": "389",
              "sourceAddressPrefix": "",
              "destinationAddressPrefix": "10.75.0.128/28",
              "sourcePortRanges": [],
              "destinationPortRanges": [],
              "sourceAddressPrefixes": [ "10.75.128.96/28" ],
              "destinationAddressPrefixes": []
            }
          },
          {
            "name": "ALLOW_LDAP-SSL_IN_CF",
            "properties": {
              "protocol": "Tcp",
              "access": "Allow",
              "priority": 224,
              "direction": "Inbound",
              "sourcePortRange": "*",
              "destinationPortRange": "636",
              "sourceAddressPrefix": "",
              "destinationAddressPrefix": "10.75.0.128/28",
              "sourcePortRanges": [],
              "destinationPortRanges": [],
              "sourceAddressPrefixes": [ "10.75.128.96/28" ],
              "destinationAddressPrefixes": []
            }
          },
          {
            "name": "ALLOW_LDAP-GC_IN_CF",
            "properties": {
              "protocol": "Tcp",
              "access": "Allow",
              "priority": 225,
              "direction": "Inbound",
              "sourcePortRange": "*",
              "destinationPortRange": "3268",
              "sourceAddressPrefix": "",
              "destinationAddressPrefix": "10.75.0.128/28",
              "sourcePortRanges": [],
              "destinationPortRanges": [],
              "sourceAddressPrefixes": [ "10.75.128.96/28" ],
              "destinationAddressPrefixes": []
            }
          },
          {
            "name": "ALLOW_LDAP-GC_SSL_IN_CF",
            "properties": {
              "protocol": "Tcp",
              "access": "Allow",
              "priority": 226,
              "direction": "Inbound",
              "sourcePortRange": "*",
              "destinationPortRange": "3269",
              "sourceAddressPrefix": "",
              "destinationAddressPrefix": "10.75.0.128/28",
              "sourcePortRanges": [],
              "destinationPortRanges": [],
              "sourceAddressPrefixes": [ "10.75.128.96/28" ],
              "destinationAddressPrefixes": []
            }
          },
          {
            "name": "ALLOW_KERBEROS_IN_CF",
            "properties": {
              "protocol": "*",
              "access": "Allow",
              "priority": 227,
              "direction": "Inbound",
              "sourcePortRange": "*",
              "destinationPortRange": "88",
              "sourceAddressPrefix": "",
              "destinationAddressPrefix": "10.75.0.128/28",
              "sourcePortRanges": [],
              "destinationPortRanges": [],
              "sourceAddressPrefixes": [ "10.75.128.96/28" ],
              "destinationAddressPrefixes": []
            }
          },
          {
            "name": "ALLOW_DNS_IN_CF",
            "properties": {
              "protocol": "*",
              "access": "Allow",
              "priority": 228,
              "direction": "Inbound",
              "sourcePortRange": "*",
              "destinationPortRange": "53",
              "sourceAddressPrefix": "",
              "destinationAddressPrefix": "10.75.0.128/28",
              "sourcePortRanges": [],
              "destinationPortRanges": [],
              "sourceAddressPrefixes": [ "10.75.128.96/28" ],
              "destinationAddressPrefixes": []
            }
          },
          {
            "name": "ALLOW_SMB_IN_CF",
            "properties": {
              "protocol": "*",
              "access": "Allow",
              "priority": 229,
              "direction": "Inbound",
              "sourcePortRange": "*",
              "destinationPortRange": "445",
              "sourceAddressPrefix": "",
              "destinationAddressPrefix": "10.75.0.128/28",
              "sourcePortRanges": [],
              "destinationPortRanges": [],
              "sourceAddressPrefixes": [ "10.75.128.96/28" ],
              "destinationAddressPrefixes": []
            }
          },
          {
            "name": "ALLOW_SMTP_IN_CF",
            "properties": {
              "protocol": "Tcp",
              "access": "Allow",
              "priority": 230,
              "direction": "Inbound",
              "sourcePortRange": "*",
              "destinationPortRange": "25",
              "sourceAddressPrefix": "",
              "destinationAddressPrefix": "10.75.0.128/28",
              "sourcePortRanges": [],
              "destinationPortRanges": [],
              "sourceAddressPrefixes": [ "10.75.128.96/28" ],
              "destinationAddressPrefixes": []
            }
          },
          {
            "name": "ALLOW_RPC-EPM_IN_CF",
            "properties": {
              "protocol": "Tcp",
              "access": "Allow",
              "priority": 231,
              "direction": "Inbound",
              "sourcePortRange": "*",
              "destinationPortRange": "135",
              "sourceAddressPrefix": "",
              "destinationAddressPrefix": "10.75.0.128/28",
              "sourcePortRanges": [],
              "destinationPortRanges": [],
              "sourceAddressPrefixes": [ "10.75.128.96/28" ],
              "destinationAddressPrefixes": []
            }
          },
          {
            "name": "ALLOW_TCP-DYNAMIC_IN_CF",
            "properties": {
              "protocol": "Tcp",
              "access": "Allow",
              "priority": 232,
              "direction": "Inbound",
              "sourcePortRange": "*",
              "destinationPortRange": "49152-65535",
              "sourceAddressPrefix": "",
              "destinationAddressPrefix": "10.75.0.128/28",
              "sourcePortRanges": [],
              "destinationPortRanges": [],
              "sourceAddressPrefixes": [ "10.75.128.96/28" ],
              "destinationAddressPrefixes": []
            }
          },
          {
            "name": "ALLOW_UDP-DYNAMIC_IN_CF",
            "properties": {
              "protocol": "Udp",
              "access": "Allow",
              "priority": 233,
              "direction": "Inbound",
              "sourcePortRange": "*",
              "destinationPortRange": "49152-65535",
              "sourceAddressPrefix": "",
              "destinationAddressPrefix": "10.75.0.128/28",
              "sourcePortRanges": [],
              "destinationPortRanges": [],
              "sourceAddressPrefixes": [ "10.75.128.96/28" ],
              "destinationAddressPrefixes": []
            }
          },
          {
            "name": "ALLOW_RPC-DFSR_SYSVOL_IN_CF",
            "properties": {
              "protocol": "Tcp",
              "access": "Allow",
              "priority": 234,
              "direction": "Inbound",
              "sourcePortRange": "*",
              "destinationPortRange": "5722",
              "sourceAddressPrefix": "",
              "destinationAddressPrefix": "10.75.0.128/28",
              "sourcePortRanges": [],
              "destinationPortRanges": [],
              "sourceAddressPrefixes": [ "10.75.128.96/28" ],
              "destinationAddressPrefixes": []
            }
          },
          {
            "name": "ALLOW_WINDOWS-TIME_IN_CF",
            "properties": {
              "protocol": "Udp",
              "access": "Allow",
              "priority": 235,
              "direction": "Inbound",
              "sourcePortRange": "*",
              "destinationPortRange": "123",
              "sourceAddressPrefix": "",
              "destinationAddressPrefix": "10.75.0.128/28",
              "sourcePortRanges": [],
              "destinationPortRanges": [],
              "sourceAddressPrefixes": [ "10.75.128.96/28" ],
              "destinationAddressPrefixes": []
            }
          },
          {
            "name": "ALLOW_KERBEROS_PASSWORD_IN_CF",
            "properties": {
              "protocol": "*",
              "access": "Allow",
              "priority": 236,
              "direction": "Inbound",
              "sourcePortRange": "*",
              "destinationPortRange": "464",
              "sourceAddressPrefix": "",
              "destinationAddressPrefix": "10.75.0.128/28",
              "sourcePortRanges": [],
              "destinationPortRanges": [],
              "sourceAddressPrefixes": [ "10.75.128.96/28" ],
              "destinationAddressPrefixes": []
            }
          },
          {
            "name": "ALLOW_NETLOGON-NETBIOS_IN_CF",
            "properties": {
              "protocol": "Udp",
              "access": "Allow",
              "priority": 237,
              "direction": "Inbound",
              "sourcePortRange": "*",
              "destinationPortRange": "137",
              "sourceAddressPrefix": "",
              "destinationAddressPrefix": "10.75.0.128/28",
              "sourcePortRanges": [],
              "destinationPortRanges": [],
              "sourceAddressPrefixes": [ "10.75.128.96/28" ],
              "destinationAddressPrefixes": []
            }
          },
          {
            "name": "ALLOW_DFSN-NETLOGON-NETBIOS_IN_CF",
            "properties": {
              "protocol": "Udp",
              "access": "Allow",
              "priority": 238,
              "direction": "Inbound",
              "sourcePortRange": "*",
              "destinationPortRange": "138",
              "sourceAddressPrefix": "",
              "destinationAddressPrefix": "10.75.0.128/28",
              "sourcePortRanges": [],
              "destinationPortRanges": [],
              "sourceAddressPrefixes": [ "10.75.128.96/28" ],
              "destinationAddressPrefixes": []
            }
          },
          {
            "name": "ALLOW_DFSN-NETBIOS-NETLOGON_IN_CF",
            "properties": {
              "protocol": "Tcp",
              "access": "Allow",
              "priority": 239,
              "direction": "Inbound",
              "sourcePortRange": "*",
              "destinationPortRange": "139",
              "sourceAddressPrefix": "",
              "destinationAddressPrefix": "10.75.0.128/28",
              "sourcePortRanges": [],
              "destinationPortRanges": [],
              "sourceAddressPrefixes": [ "10.75.128.96/28" ],
              "destinationAddressPrefixes": []
            }
          },
          {
            "name": "ALLOW_SOAP_IN_CF",
            "properties": {
              "protocol": "Tcp",
              "access": "Allow",
              "priority": 240,
              "direction": "Inbound",
              "sourcePortRange": "*",
              "destinationPortRange": "9389",
              "sourceAddressPrefix": "",
              "destinationAddressPrefix": "10.75.0.128/28",
              "sourcePortRanges": [],
              "destinationPortRanges": [],
              "sourceAddressPrefixes": [ "10.75.128.96/28" ],
              "destinationAddressPrefixes": []
            }
          },
          {
            "name": "ALLOW_WINS_IN_CF",
            "properties": {
              "protocol": "Tcp",
              "access": "Allow",
              "priority": 241,
              "direction": "Inbound",
              "sourcePortRange": "*",
              "destinationPortRange": "42",
              "sourceAddressPrefix": "",
              "destinationAddressPrefix": "10.75.0.128/28",
              "sourcePortRanges": [],
              "destinationPortRanges": [],
              "sourceAddressPrefixes": [ "10.75.128.96/28" ],
              "destinationAddressPrefixes": []
            }
          },
          {
            "name": "ALLOW_P2S_CLIENTPOOL_LDAP_IN_CF",
            "properties": {
              "protocol": "*",
              "access": "Allow",
              "priority": 242,
              "direction": "Inbound",
              "sourcePortRange": "*",
              "destinationPortRange": "389",
              "destinationAddressPrefix": "10.75.0.128/28",
              "sourcePortRanges": [],
              "destinationPortRanges": [],
              "sourceAddressPrefixes": [ "10.75.128.96/28" ],
              "destinationAddressPrefixes": [],
              "sourceAddressPrefix": ""
            }
          },
          {
            "name": "ALLOW_P2S_CLIENTPOOL_DNS_IN_CF",
            "properties": {
              "protocol": "*",
              "access": "Allow",
              "priority": 243,
              "direction": "Inbound",
              "sourcePortRange": "*",
              "destinationPortRange": "53",
              "destinationAddressPrefix": "10.75.0.128/28",
              "sourcePortRanges": [],
              "destinationPortRanges": [],
              "sourceAddressPrefixes": [ "10.75.128.96/28" ],
              "destinationAddressPrefixes": [],
              "sourceAddressPrefix": ""
            }
          },
          {
            "name": "ALLOW_LOCALNET_OUT",
            "properties": {
              "protocol": "*",
              "access": "Allow",
              "priority": 201,
              "direction": "Outbound",
              "sourcePortRange": "*",
              "destinationPortRange": "*",
              "sourceAddressPrefix": "10.75.0.128/28",
              "destinationAddressPrefix": "10.75.0.128/28",
              "sourcePortRanges": [],
              "destinationPortRanges": [],
              "sourceAddressPrefixes": [],
              "destinationAddressPrefixes": []
            }
          },
          {
            "name": "ALLOW_LDAP_OUT",
            "properties": {
              "protocol": "*",
              "access": "Allow",
              "priority": 202,
              "direction": "Outbound",
              "sourcePortRange": "*",
              "destinationPortRange": "389",
              "sourceAddressPrefix": "10.75.0.128/28",
              "destinationAddressPrefix": "",
              "sourcePortRanges": [],
              "destinationPortRanges": [],
              "sourceAddressPrefixes": [],
              "destinationAddressPrefixes": [ "10.213.66.18", "10.213.66.13", "10.213.66.14", "10.213.66.17" ]
            }
          },
          {
            "name": "ALLOW_LDAP-SSL_OUT",
            "properties": {
              "protocol": "Tcp",
              "access": "Allow",
              "priority": 203,
              "direction": "Outbound",
              "sourcePortRange": "*",
              "destinationPortRange": "636",
              "sourceAddressPrefix": "10.75.0.128/28",
              "destinationAddressPrefix": "",
              "sourcePortRanges": [],
              "destinationPortRanges": [],
              "sourceAddressPrefixes": [],
              "destinationAddressPrefixes": [ "10.213.66.18", "10.213.66.13", "10.213.66.14", "10.213.66.17" ]
            }
          },
          {
            "name": "ALLOW_LDAP-GC_OUT",
            "properties": {
              "protocol": "Tcp",
              "access": "Allow",
              "priority": 204,
              "direction": "Outbound",
              "sourcePortRange": "*",
              "destinationPortRange": "3268",
              "sourceAddressPrefix": "10.75.0.128/28",
              "destinationAddressPrefix": "",
              "sourcePortRanges": [],
              "destinationPortRanges": [],
              "sourceAddressPrefixes": [],
              "destinationAddressPrefixes": [ "10.213.66.18", "10.213.66.13", "10.213.66.14", "10.213.66.17" ]
            }
          },
          {
            "name": "ALLOW_LDAP-GC_SSL_OUT",
            "properties": {
              "protocol": "Tcp",
              "access": "Allow",
              "priority": 205,
              "direction": "Outbound",
              "sourcePortRange": "*",
              "destinationPortRange": "3269",
              "sourceAddressPrefix": "10.75.0.128/28",
              "destinationAddressPrefix": "",
              "sourcePortRanges": [],
              "destinationPortRanges": [],
              "sourceAddressPrefixes": [],
              "destinationAddressPrefixes": [ "10.213.66.18", "10.213.66.13", "10.213.66.14", "10.213.66.17" ]
            }
          },
          {
            "name": "ALLOW_KERBEROS_OUT",
            "properties": {
              "protocol": "*",
              "access": "Allow",
              "priority": 206,
              "direction": "Outbound",
              "sourcePortRange": "*",
              "destinationPortRange": "88",
              "sourceAddressPrefix": "10.75.0.128/28",
              "destinationAddressPrefix": "",
              "sourcePortRanges": [],
              "destinationPortRanges": [],
              "sourceAddressPrefixes": [],
              "destinationAddressPrefixes": [ "10.213.66.18", "10.213.66.13", "10.213.66.14", "10.213.66.17", "10.213.66.186" ]
            }
          },
          {
            "name": "ALLOW_DNS_OUT",
            "properties": {
              "protocol": "*",
              "access": "Allow",
              "priority": 207,
              "direction": "Outbound",
              "sourcePortRange": "*",
              "destinationPortRange": "53",
              "sourceAddressPrefix": "10.75.0.128/28",
              "destinationAddressPrefix": "",
              "sourcePortRanges": [],
              "destinationPortRanges": [],
              "sourceAddressPrefixes": [],
              "destinationAddressPrefixes": [ "10.213.66.18", "10.213.66.13", "10.213.66.14", "10.213.66.17", "10.213.26.14" ]
            }
          },
          {
            "name": "ALLOW_SMB_OUT",
            "properties": {
              "protocol": "*",
              "access": "Allow",
              "priority": 208,
              "direction": "Outbound",
              "sourcePortRange": "*",
              "destinationPortRange": "445",
              "sourceAddressPrefix": "10.75.0.128/28",
              "destinationAddressPrefix": "",
              "sourcePortRanges": [],
              "destinationPortRanges": [],
              "sourceAddressPrefixes": [],
              "destinationAddressPrefixes": [ "10.213.66.18", "10.213.66.13", "10.213.66.14", "10.213.66.17", "10.213.66.186" ]
            }
          },
          {
            "name": "ALLOW_SMTP_OUT",
            "properties": {
              "protocol": "Tcp",
              "access": "Allow",
              "priority": 209,
              "direction": "Outbound",
              "sourcePortRange": "*",
              "destinationPortRange": "25",
              "sourceAddressPrefix": "10.75.0.128/28",
              "destinationAddressPrefix": "",
              "sourcePortRanges": [],
              "destinationPortRanges": [],
              "sourceAddressPrefixes": [],
              "destinationAddressPrefixes": [ "10.213.66.18", "10.213.66.13", "10.213.66.14", "10.213.66.17" ]
            }
          },
          {
            "name": "ALLOW_RPC-EPM_OUT",
            "properties": {
              "protocol": "Tcp",
              "access": "Allow",
              "priority": 210,
              "direction": "Outbound",
              "sourcePortRange": "*",
              "destinationPortRange": "135",
              "sourceAddressPrefix": "10.75.0.128/28",
              "destinationAddressPrefix": "",
              "sourcePortRanges": [],
              "destinationPortRanges": [],
              "sourceAddressPrefixes": [],
              "destinationAddressPrefixes": [ "10.213.66.18", "10.213.66.13", "10.213.66.14", "10.213.66.17", "10.213.66.186" ]
            }
          },
          {
            "name": "ALLOW_TCP-DYNAMIC_OUT",
            "properties": {
              "protocol": "Tcp",
              "access": "Allow",
              "priority": 211,
              "direction": "Outbound",
              "sourcePortRange": "*",
              "destinationPortRange": "49152-65535",
              "sourceAddressPrefix": "10.75.0.128/28",
              "destinationAddressPrefix": "",
              "sourcePortRanges": [],
              "destinationPortRanges": [],
              "sourceAddressPrefixes": [],
              "destinationAddressPrefixes": [ "10.213.66.18", "10.213.66.13", "10.213.66.14", "10.213.66.17", "10.213.66.186" ]
            }
          },
          {
            "name": "ALLOW_UDP-DYNAMIC_OUT",
            "properties": {
              "protocol": "Udp",
              "access": "Allow",
              "priority": 212,
              "direction": "Outbound",
              "sourcePortRange": "*",
              "destinationPortRange": "49152-65535",
              "sourceAddressPrefix": "10.75.0.128/28",
              "destinationAddressPrefix": "",
              "sourcePortRanges": [],
              "destinationPortRanges": [],
              "sourceAddressPrefixes": [],
              "destinationAddressPrefixes": [ "10.213.66.18", "10.213.66.13", "10.213.66.14", "10.213.66.17" ]
            }
          },
          {
            "name": "ALLOW_RPC-DFSR_SYSVOL_OUT",
            "properties": {
              "protocol": "Tcp",
              "access": "Allow",
              "priority": 213,
              "direction": "Outbound",
              "sourcePortRange": "*",
              "destinationPortRange": "5722",
              "sourceAddressPrefix": "10.75.0.128/28",
              "destinationAddressPrefix": "",
              "sourcePortRanges": [],
              "destinationPortRanges": [],
              "sourceAddressPrefixes": [],
              "destinationAddressPrefixes": [ "10.213.66.18", "10.213.66.13", "10.213.66.14", "10.213.66.17" ]
            }
          },
          {
            "name": "ALLOW_WINDOWS-TIME_OUT",
            "properties": {
              "protocol": "Udp",
              "access": "Allow",
              "priority": 214,
              "direction": "Outbound",
              "sourcePortRange": "*",
              "destinationPortRange": "123",
              "sourceAddressPrefix": "10.75.0.128/28",
              "destinationAddressPrefix": "",
              "sourcePortRanges": [],
              "destinationPortRanges": [],
              "sourceAddressPrefixes": [],
              "destinationAddressPrefixes": [ "10.213.66.18", "10.213.66.13", "10.213.66.14", "10.213.66.17" ]
            }
          },
          {
            "name": "ALLOW_KERBEROS_PASSWORD_OUT",
            "properties": {
              "protocol": "*",
              "access": "Allow",
              "priority": 215,
              "direction": "Outbound",
              "sourcePortRange": "*",
              "destinationPortRange": "464",
              "sourceAddressPrefix": "10.75.0.128/28",
              "destinationAddressPrefix": "",
              "sourcePortRanges": [],
              "destinationPortRanges": [],
              "sourceAddressPrefixes": [],
              "destinationAddressPrefixes": [ "10.213.66.18", "10.213.66.13", "10.213.66.14", "10.213.66.17", "10.213.66.186" ]
            }
          },
          {
            "name": "ALLOW_NETLOGON-NETBIOS_OUT",
            "properties": {
              "protocol": "Udp",
              "access": "Allow",
              "priority": 216,
              "direction": "Outbound",
              "sourcePortRange": "*",
              "destinationPortRange": "137",
              "sourceAddressPrefix": "10.75.0.128/28",
              "destinationAddressPrefix": "",
              "sourcePortRanges": [],
              "destinationPortRanges": [],
              "sourceAddressPrefixes": [],
              "destinationAddressPrefixes": [ "10.213.66.18", "10.213.66.13", "10.213.66.14", "10.213.66.17" ]
            }
          },
          {
            "name": "ALLOW_DFSN-NETLOGON-NETBIOS_OUT",
            "properties": {
              "protocol": "Udp",
              "access": "Allow",
              "priority": 217,
              "direction": "Outbound",
              "sourcePortRange": "*",
              "destinationPortRange": "138",
              "sourceAddressPrefix": "10.75.0.128/28",
              "destinationAddressPrefix": "",
              "sourcePortRanges": [],
              "destinationPortRanges": [],
              "sourceAddressPrefixes": [],
              "destinationAddressPrefixes": [ "10.213.66.18", "10.213.66.13", "10.213.66.14", "10.213.66.17" ]
            }
          },
          {
            "name": "ALLOW_DFSN-NETBIOS-NETLOGON_OUT",
            "properties": {
              "protocol": "Tcp",
              "access": "Allow",
              "priority": 218,
              "direction": "Outbound",
              "sourcePortRange": "*",
              "destinationPortRange": "139",
              "sourceAddressPrefix": "10.75.0.128/28",
              "destinationAddressPrefix": "",
              "sourcePortRanges": [],
              "destinationPortRanges": [],
              "sourceAddressPrefixes": [],
              "destinationAddressPrefixes": [ "10.213.66.18", "10.213.66.13", "10.213.66.14", "10.213.66.17" ]
            }
          },
          {
            "name": "ALLOW_SOAP_OUT",
            "properties": {
              "protocol": "Tcp",
              "access": "Allow",
              "priority": 219,
              "direction": "Outbound",
              "sourcePortRange": "*",
              "destinationPortRange": "9389",
              "sourceAddressPrefix": "10.75.0.128/28",
              "destinationAddressPrefix": "",
              "sourcePortRanges": [],
              "destinationPortRanges": [],
              "sourceAddressPrefixes": [],
              "destinationAddressPrefixes": [ "10.213.66.18", "10.213.66.13", "10.213.66.14", "10.213.66.17" ]
            }
          },
          {
            "name": "ALLOW_WINS_OUT",
            "properties": {
              "protocol": "Tcp",
              "access": "Allow",
              "priority": 220,
              "direction": "Outbound",
              "sourcePortRange": "*",
              "destinationPortRange": "42",
              "sourceAddressPrefix": "10.75.0.128/28",
              "destinationAddressPrefix": "",
              "sourcePortRanges": [],
              "destinationPortRanges": [],
              "sourceAddressPrefixes": [],
              "destinationAddressPrefixes": [ "10.213.66.18", "10.213.66.13", "10.213.66.14", "10.213.66.17" ]
            }
          },
          {
            "name": "ALLOW_HTTP_OUT",
            "properties": {
              "protocol": "Tcp",
              "access": "Allow",
              "priority": 221,
              "direction": "Outbound",
              "sourcePortRange": "*",
              "destinationPortRange": "80",
              "sourceAddressPrefix": "10.75.0.128/28",
              "destinationAddressPrefix": "10.213.66.186",
              "sourcePortRanges": [],
              "destinationPortRanges": [],
              "sourceAddressPrefixes": [],
              "destinationAddressPrefixes": []
            }
          },
          {
            "name": "ALLOW_HTTPS_OUT",
            "properties": {
              "protocol": "Tcp",
              "access": "Allow",
              "priority": 222,
              "direction": "Outbound",
              "sourcePortRange": "*",
              "destinationPortRange": "443",
              "sourceAddressPrefix": "10.75.0.128/28",
              "destinationAddressPrefix": "10.213.66.186",
              "sourcePortRanges": [],
              "destinationPortRanges": [],
              "sourceAddressPrefixes": [],
              "destinationAddressPrefixes": []
            }
          }
        ]
      }
    }
  }
}