{
    "$schema": "https://schema.management.azure.com/schemas/2015-01-01/deploymentParameters.json#",
    "contentVersion": "1.0.0.0",
  "parameters": {
    "FinancialOwner": {
      "value": "Sogeti-Capgemini"
    },
    "Environment": {
      "value": "Sandbox"
    },
    "OpsOwner": {
      "value": "Sogeti-Capgemini"
    },
    "DName": {
      "value": "sb"
    },
    "Zone": {
      "value": "mm"
    },
    "AppName": {
      "value": "aks"
    },
    "NSGProperties": {
      "value": {
        "SecurityRules": [
          {
            "name": "AllOW_INTERNET_OUT",
            "properties": {
              "description": "Allow outbound traffic from all VMs to Internet",
              "protocol": "*",
              "access": "Allow",
              "priority": 101,
              "direction": "Outbound",
              "sourcePortRange": "*",
              "destinationPortRange": "*",
              "sourceAddressPrefix": "*",
              "destinationAddressPrefix": "Internet",
              "sourcePortRanges": [],
              "destinationPortRanges": [],
              "sourceAddressPrefixes": [],
              "destinationAddressPrefixes": []
            }
          },
          {
            "name": "ALLOW_JUMPBOX_IN",
            "properties": {
              "protocol": "*",
              "access": "Allow",
              "priority": 102,
              "direction": "Inbound",
              "sourcePortRange": "*",
              "destinationPortRange": "*",
              "sourceAddressPrefix": "10.73.1.0/28",
              "destinationAddressPrefix": "10.73.168.0/27",
              "sourcePortRanges": [],
              "destinationPortRanges": [],
              "sourceAddressPrefixes": [],
              "destinationAddressPrefixes": []
            }
          },
          {
            "name": "DENY_All_IN",
            "properties": {
              "description": "Deny all inbound traffic",
              "protocol": "*",
              "access": "Deny",
              "priority": 4096,
              "direction": "Inbound",
              "sourcePortRange": "*",
              "destinationPortRange": "*",
              "sourceAddressPrefix": "*",
              "destinationAddressPrefix": "*",
              "sourcePortRanges": [],
              "destinationPortRanges": [],
              "sourceAddressPrefixes": [],
              "destinationAddressPrefixes": []
            }
          },
          {
            "name": "ALLOW_LOCALNET_IN",
            "properties": {
              "protocol": "*",
              "access": "Allow",
              "priority": 201,
              "direction": "Inbound",
              "sourcePortRange": "*",
              "destinationPortRange": "*",
              "sourceAddressPrefix": "10.73.168.0/27",
              "destinationAddressPrefix": "10.73.168.0/27",
              "sourcePortRanges": [],
              "destinationPortRanges": [],
              "sourceAddressPrefixes": [],
              "destinationAddressPrefixes": []
            }
          }
        ]
      }
    }
  }
}