{
    "$schema": "http://schema.management.azure.com/schemas/2014-04-01-preview/deploymentTemplate.json#",
    "contentVersion": "1.0.0.0",
  "parameters": {
    "administratorLogin": {
      "type": "string"
    },
    "administratorLoginPassword": {
      "type": "string"
    },
    "collation": {
      "type": "string"
    },
    "databaseName": {
      "type": "string"
    },
    "tier": {
      "type": "string"
    },
    "skuName": {
      "type": "string"
    },
    "location": {
      "type": "string"
    },
    "maxSizeBytes": {
      "type": "string"
    },
    "serverName": {
      "type": "string"
    },
    "sampleName": {
      "defaultValue": "",
      "type": "string"
    },
    "zoneRedundant": {
      "defaultValue": false,
      "type": "bool"
    },
    "licenseType": {
      "defaultValue": "",
      "type": "string"
    },
    "enableATP": {
      "defaultValue": false,
      "type": "bool"
    },
    "allowAzureIps": {
      "defaultValue": true,
      "type": "bool"
    },
    "FinancialOwner": {
      "defaultValue": "Unassigned",
      "type": "string",
      "metadata": {
        "description": "Financial owner and thus Accountable for resource"
      }
    },
    "Environment": {
      "defaultValue": "Development",
      "allowedValues": [ "SharedServices", "Sandbox", "Development", "Test", "Acceptance", "Production" ],
      "type": "string",
      "metadata": {
        "description": "Identify the environment in which the application is running "
      }
    },
    "OpsOwner": {
      "type": "string",
      "metadata": {
        "description": "Name of the Owner of the Azure Resource"
      }
    },
    "AppName": {
      "type": "string",
      "defaultValue": "app1",
      "maxLength": 15,
      "minLength": 2,
      "metadata": {
        "description": "The name of the application"
      }
    }
  },
    "resources": [
      {
        "type": "Microsoft.Sql/servers",
        "name": "[parameters('serverName')]",
        "apiVersion": "2015-05-01-preview",
        "location": "[parameters('location')]",
        "tags": {
          "Environment": "[parameters('Environment')]",
          "AppName": "[parameters('AppName')]",
          "FinancialOwner": "[parameters('FinancialOwner')]",
          "OpsOwner": "[parameters('OpsOwner')]"
        },
        "properties": {
          "administratorLogin": "[parameters('administratorLogin')]",
          "administratorLoginPassword": "[parameters('administratorLoginPassword')]",
          "version": "12.0"
        },
        "resources": [
          {
            "type": "databases",
            "sku": {
              "name": "[parameters('skuName')]",
              "tier": "[parameters('tier')]"
            },
            "name": "[parameters('databaseName')]",
            "apiVersion": "2017-10-01-preview",
            "location": "[parameters('location')]",
            "properties": {
              "collation": "[parameters('collation')]",
              "maxSizeBytes": "[parameters('maxSizeBytes')]",
              "sampleName": "[parameters('sampleName')]",
              "zoneRedundant": "[parameters('zoneRedundant')]",
              "licenseType": "[parameters('licenseType')]"
            },
            "dependsOn": [
              "[concat('Microsoft.Sql/servers/', parameters('serverName'))]"
            ]
          },
          {
            "type": "firewallrules",
            "name": "Allow_VDI",
            "apiVersion": "2014-04-01-preview",
            "location": "[parameters('location')]",
            "properties": {
              "endIpAddress": "10.128.223.255",
              "startIpAddress": "10.128.220.0"
            },
            "dependsOn": [
              "[concat('Microsoft.Sql/servers/', parameters('serverName'))]"
            ],
            "condition": "[parameters('allowAzureIps')]"
          },
          {
            "type": "firewallrules",
            "name": "Allow_ExpressRoute",
            "apiVersion": "2014-04-01-preview",
            "location": "[parameters('location')]",
            "properties": {
              "endIpAddress": "62.145.50.7",
              "startIpAddress": "62.145.50.0"
            },
            "dependsOn": [
              "[concat('Microsoft.Sql/servers/', parameters('serverName'))]"
            ],
            "condition": "[parameters('allowAzureIps')]"
          },
          {
            "type": "firewallrules",
            "name": "Allow_dev.osm.eneco.nl",
            "apiVersion": "2014-04-01-preview",
            "location": "[parameters('location')]",
            "properties": {
              "endIpAddress": "34.250.150.98",
              "startIpAddress": "34.250.150.98"
            },
            "dependsOn": [
              "[concat('Microsoft.Sql/servers/', parameters('serverName'))]"
            ],
            "condition": "[parameters('allowAzureIps')]"
          },
          {
            "type": "firewallrules",
            "name": "Allow_test.osm.eneco.nl",
            "apiVersion": "2014-04-01-preview",
            "location": "[parameters('location')]",
            "properties": {
              "endIpAddress": "52.31.28.6",
              "startIpAddress": "52.31.28.6"
            },
            "dependsOn": [
              "[concat('Microsoft.Sql/servers/', parameters('serverName'))]"
            ],
            "condition": "[parameters('allowAzureIps')]"
          },
          {
            "type": "firewallrules",
            "name": "Allow_acc.osm.eneco.nl",
            "apiVersion": "2014-04-01-preview",
            "location": "[parameters('location')]",
            "properties": {
              "endIpAddress": "34.249.101.208",
              "startIpAddress": "34.249.101.208"
            },
            "dependsOn": [
              "[concat('Microsoft.Sql/servers/', parameters('serverName'))]"
            ],
            "condition": "[parameters('allowAzureIps')]"
          },
          {
            "type": "firewallrules",
            "name": "Allow_www.osm.eneco.nl",
            "apiVersion": "2014-04-01-preview",
            "location": "[parameters('location')]",
            "properties": {
              "endIpAddress": "52.209.113.12",
              "startIpAddress": "52.209.113.12"
            },
            "dependsOn": [
              "[concat('Microsoft.Sql/servers/', parameters('serverName'))]"
            ],
            "condition": "[parameters('allowAzureIps')]"
          },
          {
            "type": "firewallrules",
            "name": "Allow_Production2",
            "apiVersion": "2014-04-01-preview",
            "location": "[parameters('location')]",
            "properties": {
              "endIpAddress": "34.248.174.54",
              "startIpAddress": "34.248.174.54"
            },
            "dependsOn": [
              "[concat('Microsoft.Sql/servers/', parameters('serverName'))]"
            ],
            "condition": "[parameters('allowAzureIps')]"
          },
          {
            "type": "securityAlertPolicies",
            "name": "Default",
            "apiVersion": "2017-03-01-preview",
            "properties": {
              "state": "Enabled",
              "disabledAlerts": [],
              "emailAddresses": [],
              "emailAccountAdmins": true
            },
            "dependsOn": [
              "[concat('Microsoft.Sql/servers/', parameters('serverName'))]",
              "[concat('Microsoft.Sql/servers/', parameters('serverName'), '/databases/', parameters('databaseName'))]"
            ],
            "condition": "[parameters('enableATP')]"
          }
        ]
      }
    ]
}