{
    "$schema": "https://schema.management.azure.com/schemas/2015-01-01/deploymentParameters.json#",
    "contentVersion": "1.0.0.0",
  "parameters": {
    "administratorLogin": {
      "value": "Dong"
    },
    "administratorLoginPassword": {
      "value": "3;\u0026`k(q=2\u003eA2KJ6Z"
    },
    "collation": {
      "value": "SQL_Latin1_General_CP1_CI_AI"
    },
    "databaseName": {
      "value": "Dong"
    },
    "tier": {
      "value": "Standard"
    },
    "skuName": {
      "value": "S3"
    },
    "location": {
      "value": "westeurope"
    },
    "maxSizeBytes": {
      "value": "1099511627776"
    },
    "serverName": {
      "value": "dbdongarchive-001"
    },
    "sampleName": {
      "value": ""
    },
    "zoneRedundant": {
      "value": false
    },
    "licenseType": {
      "value": ""
    },
    "enableATP": {
      "value": false
    },
    "allowAzureIps": {
      "value": true
    },
    "FinancialOwner": {
      "value": "EnecoGroup"
    },
    "Environment": {
      "value": "Production"
    },
    "OpsOwner": {
      "value": "CloudFoundationTeam"
    },
    "AppName": {
      "value": "DongArchive"
    }
  }
}