﻿{
    "$schema": "https://schema.management.azure.com/schemas/2015-01-01/deploymentParameters.json#",
    "contentVersion": "1.0.0.0",
  "parameters": {
    "FinancialOwner": {
      "value": "Sogeti-Capgemini"
    },
    "Environment": {
      "value": "Acceptance"
    },
    "OpsOwner": {
      "value": "Sogeti-Capgemini"
    },
    "DName": {
      "value": "a"
    },
    "Zone": {
      "value": "mm"
    },
    "AppName": {
      "value": "adds"
    },
    "NSGProperties": {
      "value": {
        "SecurityRules": [
          {
            "name": "AllOW_INTERNET_OUT",
            "properties": {
              "description": "Allow outbound traffic from all VMs to Internet",
              "protocol": "*",
              "access": "Allow",
              "priority": 101,
              "direction": "Outbound",
              "sourcePortRange": "*",
              "destinationPortRange": "*",
              "sourceAddressPrefix": "*",
              "destinationAddressPrefix": "Internet",
              "sourcePortRanges": [],
              "destinationPortRanges": [],
              "sourceAddressPrefixes": [],
              "destinationAddressPrefixes": []
            }
          },
          {
            "name": "ALLOW_JUMPBOX_IN",
            "properties": {
              "protocol": "*",
              "access": "Allow",
              "priority": 200,
              "direction": "Inbound",
              "sourcePortRange": "*",
              "destinationPortRange": "*",
              "sourceAddressPrefix": "10.74.0.64/28",
              "destinationAddressPrefix": "10.74.0.80/28",
              "sourcePortRanges": [],
              "destinationPortRanges": [],
              "sourceAddressPrefixes": [],
              "destinationAddressPrefixes": []
            }
          },
          {
            "name": "ALLOW_SNOW_SCAN_IN",
            "properties": {
              "protocol": "*",
              "access": "Allow",
              "priority": 2000,
              "direction": "Inbound",
              "sourcePortRange": "*",
              "sourceAddressPrefix": "10.74.0.0/28",
              "destinationAddressPrefix": "10.74.0.80/28",
              "sourcePortRanges": [],
              "destinationPortRanges": [ "161", "162", "53", "22", "5988", "5989", "135", "445", "389", "137", "5985", "443", "80", "49152-65535", "24158", "1027" ],
              "sourceAddressPrefixes": [],
              "destinationAddressPrefixes": []
            }
          },
          //{
          //  "name": "ALLOW_QRADAR_SCAN_IN",
          //  "properties": {
          //    "protocol": "*",
          //    "access": "Allow",
          //    "priority": 2001,
          //    "direction": "Inbound",
          //    "sourcePortRange": "*",
          //    "sourceAddressPrefix": "10.213.226.66/32",
          //    "destinationAddressPrefix": "10.74.0.80/28",
          //    "sourcePortRanges": [],
          //    "destinationPortRanges": [ "135", "139", "445", "49152-65535" ],
          //    "sourceAddressPrefixes": [],
          //    "destinationAddressPrefixes": []
          //  }
          //},
          //{
          //  "name": "ALLOW_QRADAR_SCAN_OUT",
          //  "properties": {
          //    "protocol": "*",
          //    "access": "Allow",
          //    "priority": 2001,
          //    "direction": "Outbound",
          //    "sourcePortRange": "*",
          //    "sourceAddressPrefix": "10.74.0.80/28",
          //    "destinationAddressPrefix": "10.213.226.66/32",
          //    "sourcePortRanges": [],
          //    "destinationPortRanges": [ "135", "139", "445", "49152-65535" ],
          //    "sourceAddressPrefixes": [],
          //    "destinationAddressPrefixes": []
          //  }
          //},
          {
            "name": "ALLOW_SNOW_SCAN_OUT",
            "properties": {
              "protocol": "*",
              "access": "Allow",
              "priority": 2000,
              "direction": "Outbound",
              "sourcePortRange": "*",
              "sourceAddressPrefix": "10.74.0.80/28",
              "destinationAddressPrefix": "10.74.0.0/28",
              "sourcePortRanges": [],
              "destinationPortRanges": [ "161", "162", "53", "22", "5988", "5989", "135", "445", "389", "137", "5985", "443", "80", "49152-65535", "24158", "1027" ],
              "sourceAddressPrefixes": [],
              "destinationAddressPrefixes": []
            }
          },
          {
            "name": "DENY_All_IN",
            "properties": {
              "description": "Deny all inbound traffic",
              "protocol": "*",
              "access": "Deny",
              "priority": 4096,
              "direction": "Inbound",
              "sourcePortRange": "*",
              "destinationPortRange": "*",
              "sourceAddressPrefix": "*",
              "destinationAddressPrefix": "*",
              "sourcePortRanges": [],
              "destinationPortRanges": [],
              "sourceAddressPrefixes": [],
              "destinationAddressPrefixes": []
            }
          },
          {
            "name": "ALLOW_LOCALNET_IN",
            "properties": {
              "protocol": "*",
              "access": "Allow",
              "priority": 201,
              "direction": "Inbound",
              "sourcePortRange": "*",
              "destinationPortRange": "*",
              "sourceAddressPrefix": "10.74.0.80/28",
              "destinationAddressPrefix": "10.74.0.80/28",
              "sourcePortRanges": [],
              "destinationPortRanges": [],
              "sourceAddressPrefixes": [],
              "destinationAddressPrefixes": []
            }
          },
          {
            "name": "ALLOW_LDAP_IN",
            "properties": {
              "protocol": "*",
              "access": "Allow",
              "priority": 202,
              "direction": "Inbound",
              "sourcePortRange": "*",
              "destinationPortRange": "389",
              "sourceAddressPrefix": "",
              "destinationAddressPrefix": "10.74.0.80/28",
              "sourcePortRanges": [],
              "destinationPortRanges": [],
              "sourceAddressPrefixes": [ "10.74.0.0/18", "10.74.128.0/18" ],
              "destinationAddressPrefixes": []
            }
          },
          {
            "name": "ALLOW_LDAP-SSL_IN",
            "properties": {
              "protocol": "Tcp",
              "access": "Allow",
              "priority": 203,
              "direction": "Inbound",
              "sourcePortRange": "*",
              "destinationPortRange": "636",
              "sourceAddressPrefix": "",
              "destinationAddressPrefix": "10.74.0.80/28",
              "sourcePortRanges": [],
              "destinationPortRanges": [],
              "sourceAddressPrefixes": [ "10.74.0.0/18", "10.74.128.0/18" ],
              "destinationAddressPrefixes": []
            }
          },
          {
            "name": "ALLOW_LDAP-GC_IN",
            "properties": {
              "protocol": "Tcp",
              "access": "Allow",
              "priority": 204,
              "direction": "Inbound",
              "sourcePortRange": "*",
              "destinationPortRange": "3268",
              "sourceAddressPrefix": "",
              "destinationAddressPrefix": "10.74.0.80/28",
              "sourcePortRanges": [],
              "destinationPortRanges": [],
              "sourceAddressPrefixes": [ "10.74.0.0/18", "10.74.128.0/18" ],
              "destinationAddressPrefixes": []
            }
          },
          {
            "name": "ALLOW_LDAP-GC_SSL_IN",
            "properties": {
              "protocol": "Tcp",
              "access": "Allow",
              "priority": 205,
              "direction": "Inbound",
              "sourcePortRange": "*",
              "destinationPortRange": "3269",
              "sourceAddressPrefix": "",
              "destinationAddressPrefix": "10.74.0.80/28",
              "sourcePortRanges": [],
              "destinationPortRanges": [],
              "sourceAddressPrefixes": [ "10.74.0.0/18", "10.74.128.0/18" ],
              "destinationAddressPrefixes": []
            }
          },
          {
            "name": "ALLOW_KERBEROS_IN",
            "properties": {
              "protocol": "*",
              "access": "Allow",
              "priority": 206,
              "direction": "Inbound",
              "sourcePortRange": "*",
              "destinationPortRange": "88",
              "sourceAddressPrefix": "",
              "destinationAddressPrefix": "10.74.0.80/28",
              "sourcePortRanges": [],
              "destinationPortRanges": [],
              "sourceAddressPrefixes": [ "10.74.0.0/18", "10.74.128.0/18" ],
              "destinationAddressPrefixes": []
            }
          },
          {
            "name": "ALLOW_DNS_IN",
            "properties": {
              "protocol": "*",
              "access": "Allow",
              "priority": 207,
              "direction": "Inbound",
              "sourcePortRange": "*",
              "destinationPortRange": "53",
              "sourceAddressPrefix": "",
              "destinationAddressPrefix": "10.74.0.80/28",
              "sourcePortRanges": [],
              "destinationPortRanges": [],
              "sourceAddressPrefixes": [ "10.74.0.0/18", "10.74.128.0/18" ],
              "destinationAddressPrefixes": []
            }
          },
          {
            "name": "ALLOW_SMB_IN",
            "properties": {
              "protocol": "*",
              "access": "Allow",
              "priority": 208,
              "direction": "Inbound",
              "sourcePortRange": "*",
              "destinationPortRange": "445",
              "sourceAddressPrefix": "",
              "destinationAddressPrefix": "10.74.0.80/28",
              "sourcePortRanges": [],
              "destinationPortRanges": [],
              "sourceAddressPrefixes": [ "10.74.0.0/18", "10.74.128.0/18" ],
              "destinationAddressPrefixes": []
            }
          },
          {
            "name": "ALLOW_SMTP_IN",
            "properties": {
              "protocol": "Tcp",
              "access": "Allow",
              "priority": 209,
              "direction": "Inbound",
              "sourcePortRange": "*",
              "destinationPortRange": "25",
              "sourceAddressPrefix": "",
              "destinationAddressPrefix": "10.74.0.80/28",
              "sourcePortRanges": [],
              "destinationPortRanges": [],
              "sourceAddressPrefixes": [ "10.74.0.0/18", "10.74.128.0/18" ],
              "destinationAddressPrefixes": []
            }
          },
          {
            "name": "ALLOW_RPC-EPM_IN",
            "properties": {
              "protocol": "Tcp",
              "access": "Allow",
              "priority": 210,
              "direction": "Inbound",
              "sourcePortRange": "*",
              "destinationPortRange": "135",
              "sourceAddressPrefix": "",
              "destinationAddressPrefix": "10.74.0.80/28",
              "sourcePortRanges": [],
              "destinationPortRanges": [],
              "sourceAddressPrefixes": [ "10.74.0.0/18", "10.74.128.0/18" ],
              "destinationAddressPrefixes": []
            }
          },
          {
            "name": "ALLOW_TCP-DYNAMIC_IN",
            "properties": {
              "protocol": "Tcp",
              "access": "Allow",
              "priority": 211,
              "direction": "Inbound",
              "sourcePortRange": "*",
              "destinationPortRange": "49152-65535",
              "sourceAddressPrefix": "",
              "destinationAddressPrefix": "10.74.0.80/28",
              "sourcePortRanges": [],
              "destinationPortRanges": [],
              "sourceAddressPrefixes": [ "10.74.0.0/18", "10.74.128.0/18" ],
              "destinationAddressPrefixes": []
            }
          },
          {
            "name": "ALLOW_UDP-DYNAMIC_IN",
            "properties": {
              "protocol": "Udp",
              "access": "Allow",
              "priority": 212,
              "direction": "Inbound",
              "sourcePortRange": "*",
              "destinationPortRange": "49152-65535",
              "sourceAddressPrefix": "",
              "destinationAddressPrefix": "10.74.0.80/28",
              "sourcePortRanges": [],
              "destinationPortRanges": [],
              "sourceAddressPrefixes": [ "10.74.0.0/18", "10.74.128.0/18" ],
              "destinationAddressPrefixes": []
            }
          },
          {
            "name": "ALLOW_RPC-DFSR_SYSVOL_IN",
            "properties": {
              "protocol": "Tcp",
              "access": "Allow",
              "priority": 213,
              "direction": "Inbound",
              "sourcePortRange": "*",
              "destinationPortRange": "5722",
              "sourceAddressPrefix": "",
              "destinationAddressPrefix": "10.74.0.80/28",
              "sourcePortRanges": [],
              "destinationPortRanges": [],
              "sourceAddressPrefixes": [ "10.74.0.0/18", "10.74.128.0/18" ],
              "destinationAddressPrefixes": []
            }
          },
          {
            "name": "ALLOW_WINDOWS-TIME_IN",
            "properties": {
              "protocol": "Udp",
              "access": "Allow",
              "priority": 214,
              "direction": "Inbound",
              "sourcePortRange": "*",
              "destinationPortRange": "123",
              "sourceAddressPrefix": "",
              "destinationAddressPrefix": "10.74.0.80/28",
              "sourcePortRanges": [],
              "destinationPortRanges": [],
              "sourceAddressPrefixes": [ "10.74.0.0/18", "10.74.128.0/18" ],
              "destinationAddressPrefixes": []
            }
          },
          {
            "name": "ALLOW_KERBEROS_PASSWORD_IN",
            "properties": {
              "protocol": "*",
              "access": "Allow",
              "priority": 215,
              "direction": "Inbound",
              "sourcePortRange": "*",
              "destinationPortRange": "464",
              "sourceAddressPrefix": "",
              "destinationAddressPrefix": "10.74.0.80/28",
              "sourcePortRanges": [],
              "destinationPortRanges": [],
              "sourceAddressPrefixes": [ "10.74.0.0/18", "10.74.128.0/18" ],
              "destinationAddressPrefixes": []
            }
          },
          {
            "name": "ALLOW_NETLOGON-NETBIOS_IN",
            "properties": {
              "protocol": "Udp",
              "access": "Allow",
              "priority": 216,
              "direction": "Inbound",
              "sourcePortRange": "*",
              "destinationPortRange": "137",
              "sourceAddressPrefix": "",
              "destinationAddressPrefix": "10.74.0.80/28",
              "sourcePortRanges": [],
              "destinationPortRanges": [],
              "sourceAddressPrefixes": [ "10.74.0.0/18", "10.74.128.0/18" ],
              "destinationAddressPrefixes": []
            }
          },
          {
            "name": "ALLOW_DFSN-NETLOGON-NETBIOS_IN",
            "properties": {
              "protocol": "Udp",
              "access": "Allow",
              "priority": 217,
              "direction": "Inbound",
              "sourcePortRange": "*",
              "destinationPortRange": "138",
              "sourceAddressPrefix": "",
              "destinationAddressPrefix": "10.74.0.80/28",
              "sourcePortRanges": [],
              "destinationPortRanges": [],
              "sourceAddressPrefixes": [ "10.74.0.0/18", "10.74.128.0/18" ],
              "destinationAddressPrefixes": []
            }
          },
          {
            "name": "ALLOW_DFSN-NETBIOS-NETLOGON_IN",
            "properties": {
              "protocol": "Tcp",
              "access": "Allow",
              "priority": 218,
              "direction": "Inbound",
              "sourcePortRange": "*",
              "destinationPortRange": "139",
              "sourceAddressPrefix": "",
              "destinationAddressPrefix": "10.74.0.80/28",
              "sourcePortRanges": [],
              "destinationPortRanges": [],
              "sourceAddressPrefixes": [ "10.74.0.0/18", "10.74.128.0/18" ],
              "destinationAddressPrefixes": []
            }
          },
          {
            "name": "ALLOW_SOAP_IN",
            "properties": {
              "protocol": "Tcp",
              "access": "Allow",
              "priority": 219,
              "direction": "Inbound",
              "sourcePortRange": "*",
              "destinationPortRange": "9389",
              "sourceAddressPrefix": "",
              "destinationAddressPrefix": "10.74.0.80/28",
              "sourcePortRanges": [],
              "destinationPortRanges": [],
              "sourceAddressPrefixes": [ "10.74.0.0/18", "10.74.128.0/18" ],
              "destinationAddressPrefixes": []
            }
          },
          {
            "name": "ALLOW_WINS_IN",
            "properties": {
              "protocol": "Tcp",
              "access": "Allow",
              "priority": 220,
              "direction": "Inbound",
              "sourcePortRange": "*",
              "destinationPortRange": "42",
              "sourceAddressPrefix": "",
              "destinationAddressPrefix": "10.74.0.80/28",
              "sourcePortRanges": [],
              "destinationPortRanges": [],
              "sourceAddressPrefixes": [ "10.74.0.0/18", "10.74.128.0/18" ],
              "destinationAddressPrefixes": []
            }
          },
          {
            "name": "ALLOW_P2S_CLIENTPOOL_LDAP_IN",
            "properties": {
              "protocol": "*",
              "access": "Allow",
              "priority": 221,
              "direction": "Inbound",
              "sourcePortRange": "*",
              "destinationPortRange": "389",
              "sourceAddressPrefix": "10.79.254.0/24",
              "destinationAddressPrefix": "10.74.0.80/28",
              "sourcePortRanges": [],
              "destinationPortRanges": [],
              "sourceAddressPrefixes": [],
              "destinationAddressPrefixes": []
            }
          },
          {
            "name": "ALLOW_P2S_CLIENTPOOL_DNS_IN",
            "properties": {
              "protocol": "*",
              "access": "Allow",
              "priority": 222,
              "direction": "Inbound",
              "sourcePortRange": "*",
              "destinationPortRange": "53",
              "sourceAddressPrefix": "10.79.254.0/24",
              "destinationAddressPrefix": "10.74.0.80/28",
              "sourcePortRanges": [],
              "destinationPortRanges": [],
              "sourceAddressPrefixes": [],
              "destinationAddressPrefixes": []
            }
          }
        ]
      }
    }
  }
}