﻿{
  "$schema": "https://schema.management.azure.com/schemas/2015-01-01/deploymentParameters.json#",
  "contentVersion": "1.0.0.0",
  "parameters": {
    "FinancialOwner": {
      "value": "Sogeti-Capgemini"
    },
    "Environment": {
      "value": "Production"
    },
    "OpsOwner": {
      "value": "Sogeti-Capgemini"
    },
    "DName": {
      "value": "p"
    },
    "Zone": {
      "value": "mm"
    },
    "AppName": {
      "value": "nessus"
    },
    "NSGProperties": {
      "value": {
        "SecurityRules": [
          {
            "name": "DENY_ALL_IN",
            "properties": {
              "description": "Deny all inbound traffic",
              "protocol": "*",
              "access": "Deny",
              "priority": 4096,
              "direction": "Inbound",
              "sourcePortRange": "*",
              "destinationPortRange": "*",
              "sourceAddressPrefix": "*",
              "destinationAddressPrefix": "*",
              "sourcePortRanges": [],
              "destinationPortRanges": [],
              "sourceAddressPrefixes": [],
              "destinationAddressPrefixes": []
            }
          },
          {
            "name": "AllOW_INTERNET_OUT",
            "properties": {
              "description": "Allow outbound traffic from all VMs to Internet",
              "protocol": "*",
              "access": "Allow",
              "priority": 101,
              "direction": "Outbound",
              "sourcePortRange": "*",
              "destinationPortRange": "*",
              "sourceAddressPrefix": "*",
              "destinationAddressPrefix": "Internet",
              "sourcePortRanges": [],
              "destinationPortRanges": [],
              "sourceAddressPrefixes": [],
              "destinationAddressPrefixes": []
            }
          },
          {
            "name": "ALLOW_SNOW_SCAN_IN",
            "properties": {
              "protocol": "*",
              "access": "Allow",
              "priority": 2000,
              "direction": "Inbound",
              "sourcePortRange": "*",
              "sourceAddressPrefix": "10.75.0.0/28",
              "destinationAddressPrefix": "10.75.0.112/28",
              "sourcePortRanges": [],
              "destinationPortRanges": [ "161", "162", "53", "22", "5988", "5989", "135", "445", "389", "137", "5985", "443", "80", "49152-65535", "24158", "1027" ],
              "sourceAddressPrefixes": [],
              "destinationAddressPrefixes": []
            }
          },
          {
            "name": "ALLOW_SNOW_SCAN_OUT",
            "properties": {
              "protocol": "*",
              "access": "Allow",
              "priority": 2000,
              "direction": "Outbound",
              "sourcePortRange": "*",
              "sourceAddressPrefix": "10.75.0.112/28",
              "destinationAddressPrefix": "10.73.0.0/28",
              "sourcePortRanges": [],
              "destinationPortRanges": [ "161", "162", "53", "22", "5988", "5989", "135", "445", "389", "137", "5985", "443", "80", "49152-65535", "24158", "1027" ],
              "sourceAddressPrefixes": [],
              "destinationAddressPrefixes": []
            }
          },
          {
            "name": "ALLOW_JUMPBOX_IN",
            "properties": {
              "protocol": "*",
              "access": "Allow",
              "priority": 102,
              "direction": "Inbound",
              "sourcePortRange": "*",
              "destinationPortRange": "*",
              "sourceAddressPrefix": "10.75.0.64/28",
              "destinationAddressPrefix": "10.75.0.112/28",
              "sourcePortRanges": [],
              "destinationPortRanges": [],
              "sourceAddressPrefixes": [],
              "destinationAddressPrefixes": []
            }
          },
          {
            "name": "ALLOW_LOCALNET_IN",
            "properties": {
              "protocol": "*",
              "access": "Allow",
              "priority": 201,
              "direction": "Inbound",
              "sourcePortRange": "*",
              "destinationPortRange": "*",
              "sourceAddressPrefix": "10.75.0.112/28",
              "destinationAddressPrefix": "10.75.0.112/28",
              "sourcePortRanges": [],
              "destinationPortRanges": [],
              "sourceAddressPrefixes": [],
              "destinationAddressPrefixes": []
            }
          }
        ]
      }
    }
  }
}