﻿{
  "$schema": "https://schema.management.azure.com/schemas/2015-01-01/deploymentParameters.json#",
  "contentVersion": "1.0.0.0",
  "parameters": {
    "FinancialOwner": {
      "value": "Sogeti-Capgemini"
    },
    "Environment": {
      "value": "Production"
    },
    "OpsOwner": {
      "value": "Sogeti-Capgemini"
    },
    "DName": {
      "value": "p"
    },
    "Zone": {
      "value": "mm"
    },
    "AppName": {
      "value": "citrixcc"
    },
    "NSGProperties": {
      "value": {
        "SecurityRules": [
          {
            "name": "ALLOW_JUMPBOX_IN",
            "properties": {
              "description": "Allo RDP from the Source",
              "protocol": "*",
              "access": "Allow",
              "priority": 201,
              "direction": "Inbound",
              "sourcePortRange": "*",
              "destinationPortRange": "*",
              "sourceAddressPrefix": "10.75.0.64/28",
              "destinationAddressPrefix": "10.75.0.160/28",
              "sourcePortRanges": [],
              "destinationPortRanges": [],
              "sourceAddressPrefixes": [],
              "destinationAddressPrefixes": []
            }
          },
          {
            "name": "ALLOW_LOCALNET_IN",
            "properties": {
              "description": "communication between VMs in same subnet",
              "protocol": "*",
              "access": "Allow",
              "priority": 202,
              "direction": "Inbound",
              "sourcePortRange": "*",
              "destinationPortRange": "*",
              "sourceAddressPrefix": "10.75.0.160/28",
              "destinationAddressPrefix": "10.75.0.160/28",
              "sourcePortRanges": [],
              "destinationPortRanges": [],
              "sourceAddressPrefixes": [],
              "destinationAddressPrefixes": []
            }
          },
          {
            "name": "DenyAllInBound",
            "properties": {
              "description": "Deny all inbound traffic",
              "protocol": "*",
              "access": "Deny",
              "priority": 4096,
              "direction": "Inbound",
              "sourcePortRange": "*",
              "destinationPortRange": "*",
              "sourceAddressPrefix": "*",
              "destinationAddressPrefix": "*",
              "sourcePortRanges": [],
              "destinationPortRanges": [],
              "sourceAddressPrefixes": [],
              "destinationAddressPrefixes": []
            }
          },
          {
            "name": "enccap.ee.intern",
            "properties": {
              "description": "ICA protocols",
              "protocol": "*",
              "sourcePortRange": "*",
              "sourceAddressPrefix": "10.213.228.42",
              "destinationAddressPrefix": "10.77.128.0/21",
              "access": "Allow",
              "priority": 1000,
              "direction": "Inbound",
              "sourcePortRanges": [],
              "destinationPortRanges": [
                "1494",
                "2598",
                "443",
                "8008",
                "3224-3324",
                "16500-16509"
              ],
              "sourceAddressPrefixes": [],
              "destinationAddressPrefixes": [],
              "destinationPortRange": ""
            }
          },
          {
            "name": "enccap-001.ee.intern",
            "properties": {
              "description": "ICA protocols",
              "protocol": "*",
              "sourcePortRange": "*",
              "sourceAddressPrefix": "10.0.0.0/8",
              "destinationAddressPrefix": "10.77.128.0/21",
              "access": "Allow",
              "priority": 1001,
              "direction": "Inbound",
              "sourcePortRanges": [],
              "destinationPortRanges": [
                "1494",
                "2598",
                "443",
                "8008",
                "3224-3324",
                "16500-16509"
              ],
              "sourceAddressPrefixes": [],
              "destinationAddressPrefixes": [],
              "destinationPortRange": ""
            }
          },
          {
            "name": "AllowInternetOutBound",
            "properties": {
              "description": "Regular internet access",
              "protocol": "*",
              "sourcePortRange": "*",
              "sourceAddressPrefix": "10.77.128.0/21",
              "destinationAddressPrefix": "Internet",
              "access": "Allow",
              "priority": 1002,
              "direction": "Outbound",
              "sourcePortRanges": [],
              "destinationPortRanges": [
                "53",
                "80",
                "443"
              ],
              "sourceAddressPrefixes": [],
              "destinationAddressPrefixes": [],
              "destinationPortRange": ""
            }
          },
          {
            "name": "Management",
            "properties": {
              "description": "Management",
              "protocol": "TCP",
              "sourcePortRange": "*",

              "destinationAddressPrefix": "10.75.0.160/28",
              "access": "Allow",
              "priority": 1003,
              "direction": "Inbound",
              "sourcePortRanges": [],
              "destinationPortRanges": [
                "80",
                "443"
              ],
              "sourceAddressPrefixes": [
                "10.77.128.0/21",
                "10.77.136.0/24"

              ],
              "destinationAddressPrefixes": [],
              "destinationPortRange": "",
              "sourceAddressPrefix": ""
            }
          },
          {
            "name": "ResourceAccess",
            "properties": {
              "description": "Resource Access",
              "protocol": "*",
              "sourcePortRange": "*",
              "destinationPortRange": "*",
              "sourceAddressPrefix": "10.77.128.0/21",
              "destinationAddressPrefix": "10.0.0.0/8",
              "access": "Allow",
              "priority": 1004,
              "direction": "Inbound",
              "sourcePortRanges": [],
              "destinationPortRanges": [],
              "sourceAddressPrefixes": [],
              "destinationAddressPrefixes": []
            }
          },
          {
            "name": "Management2",
            "properties": {
              "description": "Management by Capgemini team",
              "protocol": "TCP",
              "sourcePortRange": "*",
              "destinationPortRange": "443",
              "sourceAddressPrefix": "10.75.0.160/28",
              "destinationAddressPrefix": "193.28.206.254",
              "access": "Allow",
              "priority": 1005,
              "direction": "Outbound",
              "sourcePortRanges": [],
              "destinationPortRanges": [],
              "sourceAddressPrefixes": [],
              "destinationAddressPrefixes": []
            }
          },
          {
            "name": "AllowRDPtoVDI",
            "properties": {
              "description": "AllowRDPtoVDI",
              "protocol": "TCP",
              "sourcePortRange": "*",
              "destinationPortRange": "3389",
              "sourceAddressPrefix": "10.75.0.160/28",
              "destinationAddressPrefix": "10.77.128.0/21",
              "access": "Allow",
              "priority": 1006,
              "direction": "Outbound",
              "sourcePortRanges": [],
              "destinationPortRanges": [],
              "sourceAddressPrefixes": [],
              "destinationAddressPrefixes": []
            }
          },
          {
            "name": "ManagementbyCapgeminiteam",
            "properties": {
              "description": "Management by Capgemini team",
              "protocol": "TCP",
              "sourcePortRange": "*",
              "destinationPortRange": "3389",
              "sourceAddressPrefix": "10.213.66.0/24",
              "destinationAddressPrefix": "10.75.0.160/28",
              "access": "Allow",
              "priority": 1006,
              "direction": "Inbound",
              "sourcePortRanges": [],
              "destinationPortRanges": [],
              "sourceAddressPrefixes": [],
              "destinationAddressPrefixes": []
            }
          },
          {
            "name": "RDP-VDI",
            "properties": {
              "description": "RDP from VDI ",
              "protocol": "TCP",
              "sourcePortRange": "*",
              "destinationPortRange": "3389",
              "sourceAddressPrefix": "10.128.0.0/12",
              "destinationAddressPrefix": "10.75.0.160/28",
              "access": "Allow",
              "priority": 1007,
              "direction": "Inbound",
              "sourcePortRanges": [],
              "destinationPortRanges": [],
              "sourceAddressPrefixes": [],
              "destinationAddressPrefixes": []
            }
          }
        ]
      }
    }
  }
}