{
  "$schema": "https://schema.management.azure.com/schemas/2015-01-01/deploymentTemplate.json#",
  "contentVersion": "1.0.0.0",
  "parameters": {
    "Purpose": {
      "type": "string",
      "defaultvalue": "Platform",
      "allowedValues": [ "Platform", "app", "core" ],
      "metadata": {
        "description": "Purpose of the resource groups"
      }
    },
    "Dname": {
      "type": "string",
      "defaultValue": "sb",
      "maxLength": 2,
      "minLength": 1,
      "metadata": {
        "description": "The name of the Environment "
      }
    },
    "Dno": {
      "type": "string",
      "defaultValue": "201",
      "metadata": {
        "description": "The Dno indicates the number of the application amongs the Environment"
      }
    },
    "HDname": {
      "type": "string",
      "defaultValue": "ss",
      "maxLength": 2,
      "minLength": 1,
      "metadata": {
        "description": "The name of the Environment"
      }
    },
    "HDno": {
      "type": "string",
      "defaultValue": "501",
      "metadata": {
        "description": "The Dno of the Hub Vnet "
      }
    },
    "SubscriptionID": {
      "type": "string",
      "defaultValue": "1a40c5cd-b1f4-42db-afee-d4d4a8705807",
      "allowedValues": [
        "5f77feaf-c7a4-474f-ac70-e166b80e9488",
        "1a40c5cd-b1f4-42db-afee-d4d4a8705807",
        "7b1ba02e-bac6-4c45-83a0-7f0d3104922e",
        "da29ede9-8464-467d-981b-258ef454a8a2",
        "323c3ace-1913-42da-a831-3a9f5e3cd2ac",
        "1b2ab350-722c-4727-a564-51d582db6026"
      ],
      "metadata": {
        "description": " The subscriptionId of the Remote Vnet. Eneco Cloud Foundation - Acceptance: da29ede9-8464-467d-981b-258ef454a8a2, Eneco Cloud Foundation - Foundation Team Sandbox: 5f77feaf-c7a4-474f-ac70-e166b80e9488, Eneco Cloud Foundation - Production: 323c3ace-1913-42da-a831-3a9f5e3cd2ac, Eneco Cloud Foundation - Sandbox-Development-Test: 7b1ba02e-bac6-4c45-83a0-7f0d3104922e, Eneco Cloud Foundation - Shared Services for Sandbox-Dev-Test: 1a40c5cd-b1f4-42db-afee-d4d4a8705807, Eneco Cloud Foundation - VDI: 1b2ab350-722c-4727-a564-51d582db6026"
      }
    },
    "AllowVirtualNetworkAccess": {
      "type": "string",
      "defaultvalue": "true",
      "allowedValues": [ "true", "false" ],
      "metadata": {
        "description": "Select this option if you wish to allow communication betweem two virtual network"
      }
    },
    "AllowForwardedTraffic": {
      "type": "string",
      "defaultvalue": "true",
      "allowedValues": [ "true", "false" ],
      "metadata": {
        "description": "allow traffic forwarded by a network virtual appliance in a virtual network to flow to this virtual network through a peering"
      }
    },
    "AllowGatewayTransit": {
      "type": "string",
      "defaultvalue": "false",
      "allowedValues": [ "true", "false" ],
      "metadata": {
        "description": "Allow if you have a virtual network gateway attached to this virtual network and want to allow traffic from the peered virtual network to flow through the gateway"
      }
    },
    "UseRemoteGateways": {
      "type": "string",
      "defaultvalue": "false",
      "allowedValues": [ "true", "false" ],
      "metadata": {
        "description": "Allow traffic from this virtual network to flow through a virtual network gateway attached to the virtual network you're peering with"
      }
    }
  },
  "variables": {
    "existingLocalVirtualNetworkName": "[concat('vnet-', parameters('Dname'),'-',parameters('Dno'))]",
    "existingRemoteVirtualNetworkName": "[concat('vnet-', parameters('HDname'),'-', parameters('HDno'))]",
    "existingRemoteVirtualNetworkRG": "[tolower(concat('rg-vnet-',parameters('Purpose'),'-',parameters('HDname'),'-',parameters('HDno')))]",
    "RemoteVNet": "[resourceId(parameters('SubscriptionID'),variables('existingRemoteVirtualNetworkRG'), 'Microsoft.Network/virtualNetworks', variables('existingRemoteVirtualNetworkName'))]",
    "PeeringName": "[concat(variables('existingLocalVirtualNetworkName'),'/',parameters('Dname'),'-',parameters('Dno'),'-to-',parameters('HDname'),'-',parameters('HDno'), '-vnetpeering')]"
  },
  "resources": [
    {
      "apiVersion": "2016-06-01",
      "type": "Microsoft.Network/virtualNetworks/virtualNetworkPeerings",
      "name": "[variables('PeeringName')]",
      "location": "[resourceGroup().location]",
      "properties": {
        "allowVirtualNetworkAccess": "[parameters('AllowVirtualNetworkAccess')]",
        "allowForwardedTraffic": "[parameters('AllowForwardedTraffic')]",
        "allowGatewayTransit": "[parameters('AllowGatewayTransit')]",
        "useRemoteGateways": "[parameters('UseRemoteGateways')]",
        "remoteVirtualNetwork": {
          "id": "[variables('RemoteVNet')]"
        }
      }
    }
  ]
}