{
  "$schema": "https://schema.management.azure.com/schemas/2015-01-01/deploymentTemplate.json#",
  "contentVersion": "1.0.0.0",
  "parameters": {
    "_artifactsLocation": {
      "type": "string"
    },
    "_artifactsLocationSasToken": {
      "type": "string"
    },
    "FinancialOwner": {
      "defaultValue": "Sogeti-Capgemini",
      "type": "string",
      "metadata": {
        "description": "Financial owner and thus Accountable for resource"
      }
    },
    "Environment": {
      "defaultValue": "SharedServices",
      "allowedValues": [ "SharedServices", "Sandbox", "Development", "Test", "Acceptance", "Production" ],
      "type": "string",
      "metadata": {
        "description": "Identify the environment in which the application is running "
      }
    },
    "OpsOwner": {
      "type": "string",
      "defaultValue": "Sogeti-Capgemini",
      "metadata": {
        "description": "Name of the Owner of the Azure Resource"
      }
    },
    "AppName": {
      "type": "string",
      "defaultValue": "app1",
      "maxLength": 15,
      "minLength": 2,
      "metadata": {
        "description": "The name of the application"
      }
    },
    "Purpose": {
      "type": "string",
      "defaultValue": "app",
      "maxLength": 8,
      "minLength": 3,
      "allowedValues": [ "app", "core", "platform" ],
      "metadata": {
        "description": "Purpose of the VM"
      }
    },
    "DName": {
      "defaultValue": "ss",
      "allowedValues": [ "ss", "sb", "d", "t", "a", "p" ],
      "minLength": 1,
      "maxLength": 2,
      "type": "string",
      "metadata": {
        "description": "The name of the environment within DTAP."
      }
    },
    "DNo": {
      "defaultValue": "501",
      "type": "string",
      "metadata": {
        "description": "The Dno indicates the number of the application among the environments"
      }
    },
    "Zone": {
      "type": "string",
      "defaultValue": "mm",
      "allowedValues": [ "af", "ab", "db", "mm" ],
      "maxLength": 2,
      "minLength": 1,
      "metadata": {
        "description": "Role of the VM"
      }
    },
    "ExistingVirtualNetworkName": {
      "type": "string",
      "allowedValues": [
        "vnet-ss-501",
        "vnet-sb-401",
        "vnet-d-301",
        "vnet-t-201",
        "vnet-a-101",
        "vnet-a-102",
        "vnet-p-001",
        "vnet-p-002"
      ],
      "metadata": {
        "description": "Existing Vnet Name"
      }
    },
    "ExistingVirtualNetworkRGName": {
      "type": "string",
      "allowedValues": [
        "rg-vnet-platform-ss-501",
        "rg-vnet-platform-sb-401",
        "rg-vnet-platform-d-301",
        "rg-vnet-platform-t-201",
        "rg-vnet-platform-a-101",
        "rg-vnet-platform-a-102",
        "rg-vnet-platform-p-001",
        "rg-vnet-platform-p-002"
      ],
      "metadata": {
        "description": "Rsource Group Name for the existing Vnet"
      }
    },
    "ExistingSubnetName": {
      "type": "string",
      "metadata": {
        "description": "The name of Subnet in VNet"
      }
    },
    "ExistingKeyvaultName": {
      "type": "string",
      "metadata": {
        "description": "The name of Keyvault of VM"
      }
    },
    "ExistingKeyvaultRGName": {
      "type": "string",
      "metadata": {
        "description": "Rsource Group Name for the existing Keyvault"
      }
    },
    "ExistingStorageAccountName": {
      "type": "string",
      "defaultValue": "storagediagss",
      "metadata": {
        "description": "Select the storage account for the Boot Diagnostics"
      }
    },
    "AdminUsername": {
      "defaultValue": "enecoadmin",
      "type": "string",
      "metadata": {
        "description": "Name of the local admin account for the Virtual Machine."
      }
    },
    "AvailabilitySet": {
      "type": "string",
      "defaultValue": "No",
      "allowedValues": [ "Yes", "No" ],
      "metadata": {
        "description": "Indicator for a high available setup type"
      }
    },
    "OSVersion": {
      "type": "string",
      "defaultValue": "2012-R2-Datacenter",
      "metadata": {
        "description": "OS version of the machine."
      }
    },
    "VMName": {
      "type": "string",
      "metadata": {
        "description": "Name for the Virtual Machine."
      }
    },
    "VMSize": {
      "type": "string",
      "defaultValue": "Standard_DS2_v2",
      "metadata": {
        "description": "Define the VMSize for the VM."
      }
    },
    "DataDisk1Size": {
      "defaultValue": 64,
      "type": "int",
      "metadata": {
        "description": "Data Disk size in GB"
      }
    },
    "DataDisk2Size": {
      "defaultValue": 128,
      "type": "int",
      "metadata": {
        "description": "Data Disk size in GB"
      }
    },
    "DNSServerAddress": {
      "type": "array",
      "metadata": {
        "Description": "The DNS address(es) of the DNS Server(s) used by the VNET"
      }
    },
    "PublicIPAddress": {
      "defaultValue": "None",
      "type": "string",
      "allowedValues": [
        "None",
        "Dynamic",
        "Static"
      ],
      "metadata": {
        "description": "Public IP address allocation"
      }
    },
    "Daily_Power_OnOff_Schedule": {
      "type": "string",
      "defaultValue": "No",
      "allowedValues": [ "Yes", "No" ],
      "metadata": {
        "description": "Please select if server needs to be included in daily power on/off schedule"
      }
    },
    "PowerOnSchedule": {
      "type": "int",
      "defaultValue": 7,
      "allowedValues": [ 5, 6, 7, 8 ],
      "metadata": {
        "description": "Types of Backup policy"
      }
    },
    "PowerOffSchedule": {
      "type": "int",
      "defaultValue": 18,
      "allowedValues": [ 17, 18, 19, 20, 21, 22 ],
      "metadata": {
        "description": "Types of Backup policy"
      }
    },
    "WorkspaceRG": {
      "type": "string",
      "defaultValue": "rg-oms-platform-sbdt-601",
      "allowedValues": [
        "rg-oms-platform-ss-501",
        "rg-oms-platform-sbdt-601",
        "rg-oms-platform-a-101",
        "rg-oms-platform-p-001"
      ],
      "metadata": {
        "description": "The name of the OMS workpsace Resource Group"
      }
    },
    "WorkspaceName": {
      "type": "string",
      "defaultValue": "automation-sbdt-601",
      "allowedValues": [
        "oms-servicenow-ss-501",
        "oms-servicenow-sbdt-601",
        "oms-servicenow-a-101",
        "oms-servicenow-p-001"
      ],
      "metadata": {
        "description": "The name of the OMS workpsace"
      }
    },
    "BackupEnable": {
      "type": "string",
      "defaultValue": "Yes",
      "allowedValues": [ "Yes", "No" ],
      "metadata": {
        "description": "The condition for Backup enable and disable"
      }
    },
    "BackupVaultRGName": {
      "type": "string",
      "defaultValue": "rg-backup-platform-sbdt-601",
      "allowedValues": [
        "rg-backup-platform-ss-501",
        "rg-backup-platform-sbdt-601",
        "rg-backup-platform-a-101",
        "rg-backup-platform-p-001"
      ],
      "metadata": {
        "description": "Resource group of the backup vault"
      }
    },
    "BackupVaultName": {
      "type": "string",
      "defaultValue": "vault-sbdt",
      "allowedValues": [
        "vault-ss",
        "vault-sbdt",
        "vault-a",
        "vault-p"
      ],
      "metadata": {
        "description": "Name of the Backup Vault"
      }
    },
    "BackupFabricName": {
      "type": "string",
      "defaultValue": "Azure"
    },
    "BackupPolicyName": {
      "type": "string",
      "defaultValue": "DefaultPolicy",
      "metadata": {
        "description": "Types of Backup policy"
      }
    }
  },
  "variables": {
    "PublicIPAddressName": "[concat(parameters('VMName'), '-ip')]",
    "NICName": "[concat(parameters('VMName'), '-nic')]",
    "vnetID": "[resourceId(parameters('ExistingVirtualNetworkRGName'), 'Microsoft.Network/virtualNetworks', parameters('ExistingVirtualNetworkName'))]",
    "SubnetRef": "[concat(variables('vnetID'),'/subnets/', parameters('ExistingSubnetName'))]",
    "PublicIPAddressID": {
      "id": "[resourceId ('Microsoft.Network/publicIPAddresses/', variables('PublicIPAddressName'))]"
    }
  },
  "resources": [
    {
      "condition": "[not(equals(parameters('PublicIPAddress'),'None'))]",
      "apiVersion": "2016-03-30",
      "type": "Microsoft.Network/publicIPAddresses",
      "name": "[variables('publicIPAddressName')]",
      "location": "[resourceGroup().location]",
      "tags": {
        "Environment": "[parameters('Environment')]",
        "AppName": "[parameters('AppName')]",
        "FinancialOwner": "[parameters('FinancialOwner')]",
        "OpsOwner": "[parameters('OpsOwner')]"
      },
      "properties": {
        "publicIPAllocationMethod": "[parameters('PublicIPAddress')]"
      }
    },
    {
      "apiVersion": "2018-02-01",
      "type": "Microsoft.Network/networkInterfaces",
      "name": "[variables('NICName')]",
      "location": "[resourceGroup().location]",
      "tags": {
        "Environment": "[parameters('Environment')]",
        "AppName": "[parameters('AppName')]",
        "FinancialOwner": "[parameters('FinancialOwner')]",
        "OpsOwner": "[parameters('OpsOwner')]"
      },
      "dependsOn": [
        "[concat('Microsoft.Network/publicIPAddresses/', variables('PublicIPAddressName'))]"
      ],
      "properties": {
        "dnsSettings": {
          "dnsServers": "[parameters('DNSServerAddress')]"
        },
        "ipConfigurations": [
          {
            "name": "ipconfig1",
            "properties": {
              "publicIPAddress": "[if(not(equals(parameters('PublicIPAddress'), 'None')), variables('PublicIPAddressID'), json('null'))]",
              "privateIPAllocationMethod": "Dynamic",
              "subnet": {
                "id": "[variables('SubnetRef')]"
              }
            }
          }
        ]
      }
    },
    {
      "type": "Microsoft.Resources/deployments",
      "name": "[parameters('VMName')]",
      "apiVersion": "2017-05-10",
      "properties": {
        "mode": "Incremental",
        "templateLink": {
          "uri": "[concat(parameters('_artifactsLocation'),'/Microsoft.Compute/VM.azuredeploy.json', parameters('_artifactsLocationSasToken'))]",
          "contentVersion": "1.0.0.0"
        },
        "parameters": {
          "FinancialOwner": {
            "value": "[parameters('FinancialOwner')]"
          },
          "Environment": {
            "value": "[parameters('Environment')]"
          },
          "OpsOwner": {
            "value": "[parameters('OpsOwner')]"
          },
          "DName": {
            "value": "[parameters('DName')]"
          },
          "DNo": {
            "value": "[parameters('DNo')]"
          },
          "Zone": {
            "value": "[parameters('Zone')]"
          },
          "AppName": {
            "value": "[parameters('AppName')]"
          },
          "ExistingStorageAccountName": {
            "value": "[parameters('ExistingStorageAccountName')]"
          },
          "AdminUsername": {
            "value": "[parameters('AdminUsername')]"
          },
          "AdminPassword": {
            "reference": {
              "keyVault": {
                "id": "[concat(subscription().id,'/resourceGroups/', parameters('ExistingKeyvaultRGName'),'/providers/Microsoft.KeyVault/vaults/',parameters('ExistingKeyvaultName'))]"
              },
              "secretName": "enecoadmin"
            }
          },
          "AvailabilitySet": {
            "value": "[parameters('AvailabilitySet')]"
          },
          "OSVersion": {
            "value": "[parameters('OSVersion')]"
          },
          "VMSize": {
            "value": "[parameters('VMSize')]"
          },
          "VMName": {
            "value": "[parameters('VMName')]"
          },
          "DataDisk1Size": {
            "value": "[parameters('DataDisk1Size')]"
          },
          "DataDisk2Size": {
            "value": "[parameters('DataDisk2Size')]"
          },
          "Daily_Power_OnOff_Schedule": {
            "value": "[parameters('Daily_Power_OnOff_Schedule')]"
          },
          "PowerOnSchedule": {
            "value": "[parameters('PowerOnSchedule')]"
          },
          "PowerOffSchedule": {
            "value": "[parameters('PowerOffSchedule')]"
          },
          "WorkspaceRG": {
            "value": "[parameters('WorkspaceRG')]"
          },
          "WorkspaceName": {
            "value": "[parameters('WorkspaceName')]"
          },
          "BackupEnable": {
            "value": "[parameters('BackupEnable')]"
          },
          "BackupVaultRGName": {
            "value": "[parameters('BackupVaultRGName')]"
          },
          "BackupVaultName": {
            "value": "[parameters('BackupVaultName')]"
          },
          "BackupFabricName": {
            "value": "[parameters('BackupFabricName')]"
          },
          "BackupPolicyName": {
            "value": "[parameters('BackupPolicyName')]"
          }
        }
      },
      "dependsOn": [
        "[variables('NICName')]"
      ]
    }

  ]
    }