﻿{
  "$schema": "https://schema.management.azure.com/schemas/2015-01-01/deploymentParameters.json#",
  "contentVersion": "1.0.0.0",
  "parameters": {
    "_artifactsLocation": {
      "value": null
    },
    "_artifactsLocationSasToken": {
      "value": null
    },
    "FinancialOwner": {
      "value": "Sogeti-Capgemini"
    },
    "Environment": {
      "value": "Production"
    },
    "OpsOwner": {
      "value": "Sogeti-Capgemini"
    },
    "AppName": {
      "value": "dcop"
    },
    "Purpose": {
      "value": "platform"
    },
    "DName": {
      "value": "p"
    },
    "DNo": {
      "value": "001"
    },
    "Zone": {
      "value": "mm"
    },
    "ExistingVirtualNetworkName": {
      "value": "vnet-p-001"
    },
    "ExistingVirtualNetworkRGName": {
      "value": "rg-vnet-platform-p-001"
    },
    "ExistingSubnetName": {
      "value": "subnet-mmdcop-p"
    },
    "ExistingKeyvaultName": {
      "value": "keyvault-dcop-p-001"
    },
    "ExistingKeyvaultRGName": {
      "value": "rg-dcop-platform-p-001"
    },
    "ExistingStorageAccountName": {
      "value": "storagediagp"
    },
    "AdminUsername": {
      "value": "enecoadmin"
    },
    "AvailabilitySet": {
      "value": "Yes"
    },
    "OSVersion": {
      "value": "2012-R2-Datacenter"
    },
    "VMName": {
      "value": "ENCAZ-KAEDS-001"
    },
    "VMSize": {
      "value": "Standard_DS2_v2"
    },
    "DataDisk1Size": {
      "value": 64
    },
    "DataDisk2Size": {
      "value": 128
    },
    "DNSServerAddress": {
      "value": [ "10.213.26.14" ]
    },
    "PublicIPAddress": {
      "value": "None"
    },
    "Daily_Power_OnOff_Schedule": {
      "value": "No"
    },
    "PowerOnSchedule": {
      "value": 7
    },
    "PowerOffSchedule": {
      "value": 18
    },
    "WorkspaceRG": {
      "value": "rg-oms-platform-p-001"
    },
    "WorkspaceName": {
      "value": "oms-servicenow-p-001"
    },
    "BackupEnable": {
      "value": "Yes"
    },
    "BackupVaultRGName": {
      "value": "rg-backup-platform-p-001"
    },
    "BackupVaultName": {
      "value": "vault-p"
    },
    "BackupFabricName": {
      "value": "Azure"
    },
    "BackupPolicyName": {
      "value": "Daily-full-backup-with-14days-retention"
    }
  }
}