{
  "$schema": "https://schema.management.azure.com/schemas/2015-01-01/deploymentTemplate.json#",
  "contentVersion": "1.0.0.0",
  "parameters": {
    "FinancialOwner": {
      "defaultValue": "Unassigned",
      "type": "string",
      "metadata": {
        "description": "Financial owner and thus Accountable for resource"
      }
    },
    "Environment": {
      "defaultValue": "Development",
      "allowedValues": [ "SharedServices", "Sandbox", "Development", "Test", "Acceptance", "Production" ],
      "type": "string",
      "metadata": {
        "description": "Identify the environment in which the application is running "
      }
    },
    "OpsOwner": {
      "type": "string",
      "defaultValue": "Unassigned",
      "metadata": {
        "description": "Name of the Owner of the Azure Resource"
      }
    },
    "DNo": {
      "defaultValue": "501",
      "type": "string",
      "metadata": {
        "description": "The Dno indicates the number of the application among the environments"
      }
    },
    "Zone": {
      "type": "string",
      "defaultValue": "mm",
      "allowedValues": [ "af", "ab", "db", "mm" ],
      "maxLength": 2,
      "minLength": 1,
      "metadata": {
        "description": "Role of the VM"
      }
    },
    "AppName": {
      "type": "string",
      "defaultValue": "app1",
      "metadata": {
        "description": "The name of the application"
      }
    },
    "NicProperties": {
      "type": "object",
      "defaultValue": {
        "ipConfigurations": [
          {
            "name": "ipconfig1",
            "properties": {
              "privateIPAllocationMethod": "Static",
              "privateIPAddress": "127.0.0.2",
              "subnet": {
                "id": "[concat(resourceId('rg-vnet-platform-ss-501', 'Microsoft.Network/virtualNetworks', 'vnet-ss-501'),'/subnets/', 'subnet-mmadds-ss')]"
              }
            }
          }
        ]
      }
    }
  },
  "resources": [
    {
      "apiVersion": "2016-06-01",
      "type": "Microsoft.Network/networkInterfaces",
      "name": "[parameters('AppName')]",
      "location": "[resourceGroup().location]",
      "tags": {
        "Environment": "[parameters('Environment')]",
        "AppName": "[parameters('AppName')]",
        "FinancialOwner": "[parameters('FinancialOwner')]",
        "OpsOwner": "[parameters('OpsOwner')]"
      },
      "properties": "[parameters('NicProperties')]"
    }
  ]
}