{
  "$schema": "https://schema.management.azure.com/schemas/2015-01-01/deploymentTemplate.json#",
  "contentVersion": "1.0.0.0",
  "parameters": {
    "zone": {
      "type": "string",
      "defaultValue": "mm",
      "allowedValues": [ "af", "ab", "db", "mm" ],
      "metadata": {
        "description": "The abbreviation of the zone"
      }
    },

    "imagePublisher": {
      "type": "string",
      "defaultValue": "barracudanetworks"
    },
    "imageOffer": {
      "type": "string",
      "defaultValue": "barracuda-ng-firewall"
    },
    "AppName": {
      "type": "string",
      "defaultValue": "nva",
      "metadata": {
        "description": "The abbreviation of the application name"
      }
    },
    "DName": {
      "type": "string",
      "defaultValue": "a",
      "allowedValues": [ "p", "a", "t", "d", "sb", "ss" ],
      "metadata": {
        "description": "The name of the environment"
      }
    },
    "DNo": {
      "type": "string",
      "defaultValue": "101",
      "metadata": {
        "description": "The Dno indicates the number of the application amongs the evironmnets, For Prod 001-099, Acc 101-199, test 201-299, Dev 301-399, Sandbox 401-499, SDT 501-599"
      }
    },
    "DNo1": {
      "type": "string",
      "defaultValue": "101",
      "metadata": {
        "description": "The Dno indicates the number of the application amongs the evironmnets, For Prod 001-099, Acc 101-199, test 201-299, Dev 301-399, Sandbox 401-499, SDT 501-599"
      }
    },
    "Environment": {
      "type": "string",
      "defaultValue": "Acceptance",
      "allowedValues": [
        "Development",
        "Sandbox",
        "Test",
        "Acceptance",
        "Production",
        "SharedServices"
      ],
      "metadata": {
        "description": "Identify the environment in which the application is running "
      }
    },
    "FinancialOwner": {
      "type": "string",
      "defaultValue": "Unassigned",
      "metadata": {
        "description": "Financial owner and thus Accountable for resource"
      }
    },
    "OpsOwner": {
      "type": "string",
      "defaultValue": "Unassigned",
      "metadata": {
        "description": "This should be an email of a person or a group that is responsible for the resource."
      }
    },
    "AdminUsername": {
      "defaultValue": "cgasroot",
      "type": "string",
      "metadata": {
        "description": "Username of the Virtual Machine."
      }
    },


    "AdminPassword": {
      "type": "securestring",
      "metadata": {
        "description": "Password for the Virtual Machine."
      }
    },

    "imageSKU": {
      "type": "string",
      "metadata": {
        "description": "SKU Hourly (PAYG) or BYOL (Bring your own license)"
      },
      "allowedValues": [
        "hourly",
        "byol",
        "payg"

      ],
      "defaultValue": "hourly"


    },

    "vmSize": {
      "type": "string",
      "metadata": {
        "description": "Size of the VMs to be created"
      },
      "allowedValues": [
        "Standard_F1s",
        "Standard_F2s",
        "Standard_D1_v2",
        "Standard_D2_v2"

      ],
      "defaultValue": "Standard_F2s"
    },

    "ccManaged": {
      "type": "string",
      "allowedValues": [
        "yes",
        "no"
      ],
      "defaultValue": "no"
    },

    "ccClusterName": {
      "type": "string",
      "defaultValue": "ccclusterngf"
    },

    "ccRangeId": {
      "type": "string",
      "defaultValue": ""
    },
    "ccIpAddress": {
      "type": "string",
      "defaultValue": ""
    },
    "ccSecret": {
      "type": "securestring",
      "defaultValue": ""
    },

    "imageVersion": {
      "type": "string",
      "defaultValue": "latest",
      "allowedValues": [ "latest", "7.2.015801", "7.1.105601", "7.1.037103" ],
      "metadata": {
        "description": "Version of the Barracuda CloudGen Firewall"
      }
    },
    "subnetNGF-external": {
      "type": "string",
      "metadata": {
        "description": "Network range of the Subnet containing the NextGen Firewall"
      },
      "defaultValue": "10.74.0.16/28"
    },
    "subnetNGF-internal": {
      "type": "string",
      "metadata": {
        "description": "Network range of the Subnet containing the NextGen Firewall "
      },
      "defaultValue": "10.74.0.32/28"
    },

    "existingvirtualNetworkName": {
      "defaultValue": "vnet-a-101",
      "allowedValues": [
        "vnet-ss-501",
        "vnet-sb-401",
        "vnet-d-301",
        "vnet-t-201",
        "vnet-a-101",
        "vnet-a-102",
        "vnet-p-001",
        "vnet-p-002"
      ],
      "type": "string",
      "metadata": {
        "description": "Existing Virtual Network name"
      }
    },
    "virtualNetworkResourceGroupName": {
      "defaultValue": "rg-vnet-platform-a-101",
      "allowedValues": [
        "rg-vnet-platform-ss-501",
        "rg-vnet-platform-sb-401",
        "rg-vnet-platform-d-301",
        "rg-vnet-platform-t-201",
        "rg-vnet-platform-a-101",
        "rg-vnet-platform-a-102",
        "rg-vnet-platform-p-001",
        "rg-vnet-platform-p-002"
      ],
      "type": "string",
      "metadata": {
        "description": "Existing Virtual Network ResourceGroup name"
      }
    },

    "WorkspaceName": {
      "type": "string",
      "defaultValue": "automation-a-101",
      "allowedValues": [
        "automation-ss-501",
        "automation-sbdt-601",
        "automation-a-101",
        "automation-p-001",
        "oms-servicenow-sbdt-601"
      ],
      "metadata": {
        "description": "The name of the OMS workpsace"
      }
    },
    "WorkspaceRG": {
      "type": "string",
      "defaultValue": "rg-oms-platform-a-101",
      "allowedValues": [
        "rg-oms-platform-ss-501",
        "rg-oms-platform-sbdt-601",
        "rg-oms-platform-a-101",
        "rg-oms-platform-p-001"
      ],
      "metadata": {
        "description": "The name of the OMS workpsace Resource Group"
      }
    }
  },
  "variables": {

    "vnetID": "[resourceId(parameters('virtualNetworkResourceGroupName'), 'Microsoft.Network/virtualNetworks', parameters('existingvirtualNetworkName'))]",
    "subnetNameNGF-external": "[concat('subnet-',parameters('AppName'),'-ext','-',parameters('DName'))]",
    "subnetNameNGF-internal": "[concat('subnet-',parameters('AppName'),'-int','-',parameters('DName'))]",
    "ngfPIPAddressName1": "[concat(variables('ngfVmName1'),'-PIP')]",
    "ngfPIPAddressName2": "[concat(variables('ngfVmName2'),'-PIP')]",

    "ngfPIPAddressType": "Static",
    "ngfNicName1-external": "[concat(parameters('zone'),parameters('AppName'),'-NIC-',parameters('DNo'),'-1')]",
    "ngfNicName1-internal": "[concat(parameters('zone'),parameters('AppName'),'-NIC-',parameters('DNo'),'-2')]",
    "ngfNicName2-external": "[concat(parameters('zone'),parameters('AppName'),'-NIC-',parameters('DNo1'),'-1')]",
    "ngfNicName2-internal": "[concat(parameters('zone'),parameters('AppName'),'-NIC-',parameters('DNo1'),'-2')]",


    "subnetRefNGF-external": "[concat(variables('vnetID'),'/subnets/',variables('subnetNameNGF-external'))]",
    "subnetRefNGF-internal": "[concat(variables('vnetID'),'/subnets/',variables('subnetNameNGF-internal'))]",

    "imagePublisher": "barracudanetworks",
    "imageOffer": "barracuda-ng-firewall",

    "ngfVmName1": "[concat(parameters('zone'),'nva','-',parameters('DNo'))]",
    "ngfVmName2": "[concat(parameters('zone'),'nva','-',parameters('DNo1'))]",

    "availabilitySetName": "[concat(parameters('zone'),parameters('AppName'),'-',parameters('DName'))]",

    "singleQuotationMark": "'",
    "ngfSubnetSplit-external": "[split( parameters( 'subnetNGF-external' ), '/' )]",
    "ngfSubnetSplit-internal": "[split( parameters( 'subnetNGF-internal' ), '/' )]",
    "ngfSubnetAddrSplit-external": "[split( variables( 'ngfSubnetSplit-external' )[0], '.' )]",
    "ngfSubnetAddrSplit-internal": "[split( variables( 'ngfSubnetSplit-internal' )[0], '.' )]",
    "ngfSubnetMask-external": "[variables( 'ngfSubnetSplit-external' )[1]]",
    "ngfSubnetMask-internal": "[variables( 'ngfSubnetSplit-internal' )[1]]",
    "ngfSubnetDefaultGw-external": "[concat( variables( 'ngfSubnetAddrSplit-external' )[0], '.', variables( 'ngfSubnetAddrSplit-external' )[1], '.', variables( 'ngfSubnetAddrSplit-external' )[2], '.', add( int( variables( 'ngfSubnetAddrSplit-external' )[3]), 1 ))]",
    "ngfVmAddress1-external": "[concat( variables( 'ngfSubnetAddrSplit-external' )[0], '.', variables( 'ngfSubnetAddrSplit-external' )[1], '.', variables( 'ngfSubnetAddrSplit-external')[2], '.', add( int( variables( 'ngfSubnetAddrSplit-external' )[3]), 4 ))]",
    "ngfVmAddress1-internal": "[concat( variables( 'ngfSubnetAddrSplit-internal' )[0], '.', variables( 'ngfSubnetAddrSplit-external' )[1], '.', variables( 'ngfSubnetAddrSplit-internal' )[2], '.', add( int( variables( 'ngfSubnetAddrSplit-internal' )[3]), 4 ))]",
    "ngfVmAddress2-external": "[concat( variables( 'ngfSubnetAddrSplit-external' )[0], '.', variables( 'ngfSubnetAddrSplit-external' )[1], '.', variables( 'ngfSubnetAddrSplit-external' )[2], '.', add( int( variables( 'ngfSubnetAddrSplit-external' )[3]), 5 ))]",
    "ngfVmAddress2-internal": "[concat( variables( 'ngfSubnetAddrSplit-internal' )[0], '.', variables( 'ngfSubnetAddrSplit-external' )[1], '.', variables( 'ngfSubnetAddrSplit-internal' )[2], '.', add( int( variables( 'ngfSubnetAddrSplit-internal' )[3]), 5 ))]",
    "ngfCustomData1": "[Base64(concat( '#!/bin/bash\n\n/opb/cloud-setmip ', variables('ngfVmAddress1-external'), ' ', variables( 'ngfSubnetMask-external' ), ' ', variables( 'ngfSubnetDefaultGw-external' ), '\n', 'echo ', variables('singleQuotationMark'), parameters( 'AdminPassword' ), variables('singleQuotationMark'), ' | /opb/create-dha -s S1 -c -o ', variables('ngfVmAddress2-external'), ' -n ', variables( 'ngfSubnetMask-external' ), ' -g ', variables( 'ngfSubnetDefaultGw-external' ), '\n'))]",
    "ngfCustomData2": "[Base64('\n')]"
  },
  "resources": [
    {
      "type": "Microsoft.Compute/availabilitySets",
      "name": "[variables('availabilitySetName')]",
      "apiVersion": "2016-04-30-preview",
      "location": "[resourceGroup().location]",
      "properties": {
        "platformFaultDomainCount": 2,
        "platformUpdateDomainCount": 2,
        "managed": true
      }
    },

    {

      "condition": "[equals(parameters('ccManaged'),'no')]",
      "type": "Microsoft.Compute/virtualMachines",
      "name": "[variables('ngfvmName1')]",
      "apiVersion": "2017-03-30",
      "location": "[resourceGroup().location]",
      "tags": {
        "Environment": "[parameters('Environment')]",
        "AppName": "[parameters('AppName')]",
        "FinancialOwner": "[parameters('FinancialOwner')]",
        "OpsOwner": "[parameters('OpsOwner')]"
      },

      "plan": {
        "name": "[parameters('imageSKU')]",
        "Product": "[variables('imageOffer')]",
        "Publisher": "[variables('imagePublisher')]"
      },
      "dependsOn": [

      ],
      "properties": {
        "availabilitySet": {
          "id": "[resourceId('Microsoft.Compute/availabilitySets',variables('availabilitySetName'))]"
        },
        "hardwareProfile": {
          "vmSize": "[parameters('vmSize')]"
        },
        "osProfile": {
          "computerName": "[variables('ngfvmName1')]",
          "adminUsername": "[parameters('AdminUsername')]",
          "adminPassword": "[parameters('AdminPassword')]",
          "customData": "[base64(concat('#!/bin/bash\n\n', '/opt/phion/bin/editconf -f /opt/phion/config/configroot/boxnet.conf -d REFS -s gendev_eth0\n', '/opt/phion/bin/editconf -f /opt/phion/config/configroot/boxnet.conf -d RENAMED -s gendev_eth0\n', '/opt/phion/bin/cloud-setmip ', variables('ngfVmAddress1-external'), ' ', variables( 'ngfSubnetMask-external' ), ' ', variables( 'ngfSubnetDefaultGw-external' ), ' >> /tmp/setmip.log'))]"
        },
        "storageProfile": {
          "imageReference": {
            "publisher": "[variables('imagePublisher')]",
            "offer": "[variables('imageOffer')]",
            "sku": "[parameters('imageSKU')]",
            "version": "[parameters('imageVersion')]"
          },
          "osDisk": {
            "name": "[concat(variables('ngfvmName1'),'-osdisk')]",
            "caching": "ReadWrite",
            "createOption": "FromImage"
          }
        },
        "networkProfile": {
          "networkInterfaces": [
            {
              "id": "[resourceId('Microsoft.Network/networkInterfaces',variables('ngfNicName1-external'))]",
              "properties": {
                "primary": true
              }
            },
            {
              "id": "[resourceId('Microsoft.Network/networkInterfaces',variables('ngfNicName1-internal'))]",
              "properties": {
                "primary": false
              }
            }
          ]
        }
      }
    },
    {
      "condition": "[equals(parameters('ccManaged'),'no')]",
      "type": "Microsoft.Compute/virtualMachines",
      "name": "[variables('ngfvmName2')]",
      "apiVersion": "2017-03-30",
      "location": "[resourceGroup().location]",
      "tags": {
        "Environment": "[parameters('Environment')]",
        "AppName": "[parameters('AppName')]",
        "FinancialOwner": "[parameters('FinancialOwner')]",
        "OpsOwner": "[parameters('OpsOwner')]"
      },

      "plan": {
        "name": "[parameters('imageSKU')]",
        "Product": "[variables('imageOffer')]",
        "Publisher": "[variables('imagePublisher')]"
      },
      "dependsOn": [

        "[variables('ngfvmName1')]"

      ],
      "properties": {
        "availabilitySet": {
          "id": "[resourceId('Microsoft.Compute/availabilitySets',variables('availabilitySetName'))]"
        },
        "hardwareProfile": {
          "vmSize": "[parameters('vmSize')]"
        },
        "osProfile": {
          "computerName": "[variables('ngfvmName2')]",
          "adminUsername": "[parameters('AdminUsername')]",
          "adminPassword": "[parameters('AdminPassword')]",
          "customData": "[base64(concat('#!/bin/bash\n\n', '/opt/phion/bin/editconf -f /opt/phion/config/configroot/boxnet.conf -d REFS -s gendev_eth0\n', '/opt/phion/bin/editconf -f /opt/phion/config/configroot/boxnet.conf -d RENAMED -s gendev_eth0\n', '/opt/phion/bin/cloud-setmip ', variables('ngfVmAddress2-external'), ' ', variables( 'ngfSubnetMask-external' ), ' ', variables( 'ngfSubnetDefaultGw-external' ), ' >> /tmp/setmip.log'))]"

        },
        "storageProfile": {
          "imageReference": {
            "publisher": "[variables('imagePublisher')]",
            "offer": "[variables('imageOffer')]",
            "sku": "[parameters('imageSKU')]",
            "version": "[parameters('imageVersion')]"
          },
          "osDisk": {
            "name": "[concat(variables('ngfvmName2'),'-osdisk')]",
            "caching": "ReadWrite",
            "createOption": "FromImage"
          }
        },
        "networkProfile": {
          "networkInterfaces": [
            {
              "id": "[resourceId('Microsoft.Network/networkInterfaces',variables('ngfNicName2-external'))]",
              "properties": {
                "primary": true
              }
            },
            {
              "id": "[resourceId('Microsoft.Network/networkInterfaces',variables('ngfNicName2-internal'))]",
              "properties": {
                "primary": false
              }
            }
          ]
        }
      }
    }
  ]
}
